"TEAM","SOS","YEAR"
"Duke",0.6166,2013
"Michigan St.",0.6072,2013
"Louisville",0.6044,2013
"Syracuse",0.6034,2013
"Minnesota",0.5993,2013
"Miami FL",0.5947,2013
"New Mexico",0.5943,2013
"Marquette",0.5924,2013
"North Carolina",0.5921,2013
"Ohio St.",0.5907,2013
"Illinois",0.59,2013
"Indiana",0.5885,2013
"Wisconsin",0.5867,2013
"Michigan",0.5835,2013
"Nebraska",0.5812,2013
"Florida",0.5792,2013
"Kansas",0.5791,2013
"Georgetown",0.5773,2013
"Arizona",0.5759,2013
"Villanova",0.5759,2013
"San Diego St.",0.575,2013
"UNLV",0.5739,2013
"Cincinnati",0.5723,2013
"Colorado",0.5718,2013
"UCLA",0.5714,2013
"South Florida",0.5713,2013
"Oklahoma",0.571,2013
"Butler",0.5701,2013
"Baylor",0.5693,2013
"Fresno St.",0.5689,2013
"Penn St.",0.5686,2013
"Colorado St.",0.5668,2013
"Iowa St.",0.5658,2013
"California",0.5657,2013
"VCU",0.5653,2013
"North Carolina St.",0.5653,2013
"Connecticut",0.5648,2013
"St. John's",0.5639,2013
"Wichita St.",0.5637,2013
"Florida St.",0.5629,2013
"Oklahoma St.",0.5628,2013
"Saint Louis",0.5628,2013
"USC",0.5623,2013
"Kansas St.",0.5617,2013
"Stanford",0.5616,2013
"Northern Iowa",0.561,2013
"Indiana St.",0.5592,2013
"Notre Dame",0.5592,2013
"Boston College",0.5587,2013
"Missouri",0.5584,2013
"Memphis",0.5581,2013
"Washington",0.558,2013
"Temple",0.557,2013
"La Salle",0.5568,2013
"Providence",0.5566,2013
"Northwestern",0.5553,2013
"Purdue",0.5536,2013
"Southern Miss",0.5534,2013
"Boise St.",0.5526,2013
"Creighton",0.5525,2013
"Rutgers",0.5522,2013
"West Virginia",0.5519,2013
"Seton Hall",0.5517,2013
"Gonzaga",0.5517,2013
"Air Force",0.5515,2013
"Pittsburgh",0.5512,2013
"Wyoming",0.5509,2013
"Tennessee",0.5508,2013
"Kentucky",0.5504,2013
"Rhode Island",0.5501,2013
"Nevada",0.5498,2013
"Vanderbilt",0.5489,2013
"Saint Mary's",0.5485,2013
"Xavier",0.5481,2013
"Massachusetts",0.548,2013
"Texas",0.548,2013
"Utah",0.5476,2013
"Texas A&M",0.5468,2013
"Georgia",0.5466,2013
"Missouri St.",0.5462,2013
"Alabama",0.545,2013
"Oregon",0.5448,2013
"BYU",0.5439,2013
"Drake",0.5434,2013
"UTEP",0.5434,2013
"East Carolina",0.5431,2013
"Wake Forest",0.543,2013
"Virginia Tech",0.542,2013
"Maryland",0.5418,2013
"Iowa",0.5414,2013
"Belmont",0.5407,2013
"Richmond",0.5404,2013
"Fordham",0.5391,2013
"George Washington",0.5375,2013
"Evansville",0.5368,2013
"Arkansas",0.5364,2013
"Duquesne",0.534,2013
"Saint Joseph's",0.5338,2013
"Dayton",0.5331,2013
"Detroit",0.5324,2013
"San Diego",0.5319,2013
"Washington St.",0.5311,2013
"Texas Tech",0.5311,2013
"UAB",0.53,2013
"Illinois St.",0.5295,2013
"Charlotte",0.5284,2013
"DePaul",0.5275,2013
"Arizona St.",0.5275,2013
"LSU",0.5259,2013
"Mississippi",0.5258,2013
"Loyola Marymount",0.5257,2013
"Virginia",0.5254,2013
"Tulsa",0.5251,2013
"San Francisco",0.5244,2013
"New Mexico St.",0.5241,2013
"St. Bonaventure",0.5238,2013
"UCF",0.5232,2013
"Oregon St.",0.5231,2013
"Santa Clara",0.523,2013
"Portland",0.5227,2013
"Georgia Tech",0.5223,2013
"Mississippi St.",0.5222,2013
"Clemson",0.5208,2013
"Marshall",0.5195,2013
"Tennessee St.",0.5191,2013
"TCU",0.518,2013
"Auburn",0.5172,2013
"Middle Tennessee",0.5168,2013
"Morehead St.",0.5142,2013
"Akron",0.5138,2013
"Denver",0.5108,2013
"Iona",0.509,2013
"Idaho",0.5079,2013
"George Mason",0.5077,2013
"Pacific",0.5068,2013
"Cleveland St.",0.5043,2013
"FIU",0.5025,2013
"Rice",0.5017,2013
"Harvard",0.5014,2013
"Louisiana Monroe",0.5014,2013
"Long Beach St.",0.5009,2013
"Canisius",0.5005,2013
"Southern Illinois",0.5002,2013
"Ohio",0.4995,2013
"Western Kentucky",0.4991,2013
"Valparaiso",0.4986,2013
"UT Arlington",0.4985,2013
"Kent St.",0.4979,2013
"Manhattan",0.4977,2013
"Niagara",0.4971,2013
"Loyola MD",0.4964,2013
"Florida Gulf Coast",0.4954,2013
"Buffalo",0.4953,2013
"Oakland",0.4953,2013
"Louisiana Lafayette",0.4953,2013
"Miami OH",0.4952,2013
"Pepperdine",0.4948,2013
"Oral Roberts",0.4947,2013
"South Dakota",0.4944,2013
"Bradley",0.4938,2013
"UC Santa Barbara",0.4931,2013
"San Jose St.",0.493,2013
"Eastern Kentucky",0.4929,2013
"Rider",0.4926,2013
"Arkansas Little Rock",0.4912,2013
"Green Bay",0.4911,2013
"South Carolina",0.4904,2013
"Princeton",0.4895,2013
"UC Irvine",0.4892,2013
"UMKC",0.4892,2013
"Utah St.",0.489,2013
"Sacred Heart",0.4886,2013
"South Dakota St.",0.4884,2013
"Delaware",0.4883,2013
"Louisiana Tech",0.4882,2013
"Bucknell",0.4877,2013
"Illinois Chicago",0.4876,2013
"Drexel",0.4873,2013
"Northwestern St.",0.487,2013
"Lafayette",0.4869,2013
"Davidson",0.4859,2013
"Yale",0.4856,2013
"Milwaukee",0.4853,2013
"Old Dominion",0.4845,2013
"Youngstown St.",0.4845,2013
"St. Francis NY",0.4841,2013
"Marist",0.4831,2013
"Mount St. Mary's",0.4825,2013
"South Alabama",0.4821,2013
"Wright St.",0.482,2013
"North Dakota St.",0.4817,2013
"Western Michigan",0.4817,2013
"Tulane",0.4816,2013
"Northeastern",0.4814,2013
"Murray St.",0.4811,2013
"Quinnipiac",0.481,2013
"North Texas",0.4808,2013
"UMBC",0.4801,2013
"Central Connecticut",0.4796,2013
"Cal Poly",0.4789,2013
"East Tennessee St.",0.4786,2013
"Southeastern Louisiana",0.4782,2013
"Siena",0.4779,2013
"UTSA",0.4779,2013
"Wagner",0.4772,2013
"Penn",0.4769,2013
"Tennessee Tech",0.4763,2013
"Lipscomb",0.4762,2013
"Bowling Green",0.4762,2013
"Florida Atlantic",0.4761,2013
"Eastern Michigan",0.4754,2013
"Central Michigan",0.4753,2013
"Boston University",0.4753,2013
"Towson",0.4753,2013
"Jacksonville St.",0.4751,2013
"Hofstra",0.4747,2013
"Savannah St.",0.4745,2013
"Seattle",0.4743,2013
"Montana",0.4738,2013
"St. Francis PA",0.4734,2013
"IUPUI",0.4734,2013
"Georgia St.",0.4731,2013
"North Florida",0.4724,2013
"Lehigh",0.4721,2013
"Texas A&M Corpus Chris",0.4718,2013
"Northern Arizona",0.4716,2013
"SMU",0.4705,2013
"Vermont",0.4704,2013
"Mercer",0.4697,2013
"Colgate",0.4695,2013
"Texas St.",0.4691,2013
"Cal St. Bakersfield",0.4681,2013
"James Madison",0.4681,2013
"Navy",0.4678,2013
"Fairleigh Dickinson",0.4678,2013
"Hawaii",0.4678,2013
"Binghamton",0.4677,2013
"Fairfield",0.4672,2013
"Monmouth",0.4668,2013
"American",0.4666,2013
"Stony Brook",0.4662,2013
"Saint Peter's",0.4662,2013
"Troy",0.4657,2013
"Weber St.",0.4654,2013
"Arkansas St.",0.4643,2013
"Austin Peay",0.4638,2013
"Tennessee Martin",0.4632,2013
"Bryant",0.4631,2013
"SIU Edwardsville",0.4631,2013
"UNC Asheville",0.4624,2013
"Lamar",0.4623,2013
"New Hampshire",0.4618,2013
"Robert Morris",0.4616,2013
"College of Charleston",0.461,2013
"Maine",0.4605,2013
"Stetson",0.4605,2013
"Dartmouth",0.4604,2013
"Eastern Illinois",0.4602,2013
"Albany",0.4597,2013
"Western Carolina",0.459,2013
"UNC Wilmington",0.459,2013
"McNeese St.",0.4589,2013
"Sam Houston St.",0.4573,2013
"Loyola Chicago",0.4572,2013
"USC Upstate",0.4572,2013
"Holy Cross",0.4572,2013
"Cornell",0.4567,2013
"Coppin St.",0.4566,2013
"Toledo",0.4564,2013
"Wofford",0.4564,2013
"Northern Illinois",0.4563,2013
"Hartford",0.456,2013
"Cal St. Northridge",0.4555,2013
"North Dakota",0.4555,2013
"Winthrop",0.4554,2013
"Northern Colorado",0.4554,2013
"LIU Brooklyn",0.4547,2013
"Kennesaw St.",0.4537,2013
"Samford",0.4536,2013
"Texas Southern",0.4534,2013
"Army",0.4527,2013
"Maryland Eastern Shore",0.4527,2013
"Ball St.",0.4523,2013
"Charleston Southern",0.4521,2013
"UC Davis",0.4519,2013
"Coastal Carolina",0.4518,2013
"Southeast Missouri St.",0.4518,2013
"South Carolina St.",0.4517,2013
"Houston",0.4509,2013
"Columbia",0.45,2013
"Chicago St.",0.4499,2013
"Nebraska Omaha",0.4492,2013
"Chattanooga",0.449,2013
"UC Riverside",0.4489,2013
"Stephen F. Austin",0.4488,2013
"Western Illinois",0.4482,2013
"Brown",0.4481,2013
"Nicholls St.",0.4475,2013
"Georgia Southern",0.4468,2013
"Bethune Cookman",0.4463,2013
"Campbell",0.4462,2013
"Southern Utah",0.4448,2013
"Elon",0.4435,2013
"William & Mary",0.4433,2013
"Alcorn St.",0.4428,2013
"Idaho St.",0.4427,2013
"North Carolina Central",0.4423,2013
"UNC Greensboro",0.4422,2013
"Liberty",0.4403,2013
"North Carolina A&T",0.4403,2013
"Jacksonville",0.4396,2013
"Cal St. Fullerton",0.4386,2013
"Central Arkansas",0.4385,2013
"Northern Kentucky",0.4373,2013
"Florida A&M",0.4367,2013
"IPFW",0.4361,2013
"Gardner Webb",0.4351,2013
"Longwood",0.4343,2013
"Eastern Washington",0.4342,2013
"Portland St.",0.4335,2013
"Howard",0.4333,2013
"Appalachian St.",0.4324,2013
"Presbyterian",0.4324,2013
"Delaware St.",0.4312,2013
"The Citadel",0.4311,2013
"Arkansas Pine Bluff",0.4285,2013
"Norfolk St.",0.4272,2013
"Utah Valley",0.427,2013
"Furman",0.4251,2013
"Sacramento St.",0.4219,2013
"High Point",0.4205,2013
"Hampton",0.4197,2013
"Alabama St.",0.4189,2013
"Mississippi Valley St.",0.417,2013
"Radford",0.4154,2013
"Montana St.",0.415,2013
"Southern",0.4137,2013
"Morgan St.",0.4119,2013
"New Orleans",0.4109,2013
"Alabama A&M",0.4083,2013
"VMI",0.4081,2013
"Prairie View A&M",0.4047,2013
"Jackson St.",0.4031,2013
"Houston Baptist",0.402,2013
"Grambling St.",0.4004,2013
"UT Rio Grande Valley",0.3963,2013
"NJIT",0.3877,2013
"Kansas",0.6244,2014
"Kentucky",0.6161,2014
"Wisconsin",0.6079,2014
"Arizona",0.6025,2014
"Michigan",0.5948,2014
"Florida",0.5948,2014
"Connecticut",0.5942,2014
"Michigan St.",0.5926,2014
"Baylor",0.5904,2014
"Minnesota",0.5892,2014
"Duke",0.5884,2014
"Alabama",0.5863,2014
"UCLA",0.5858,2014
"Iowa St.",0.584,2014
"Stanford",0.5837,2014
"Tennessee",0.5815,2014
"Maryland",0.581,2014
"North Carolina",0.5793,2014
"Ohio St.",0.5787,2014
"Oregon",0.5782,2014
"Virginia",0.5766,2014
"Oklahoma",0.5762,2014
"Colorado",0.5738,2014
"Memphis",0.5737,2014
"VCU",0.5718,2014
"Florida St.",0.5708,2014
"BYU",0.5707,2014
"Creighton",0.5699,2014
"Dayton",0.5691,2014
"Nebraska",0.569,2014
"North Carolina St.",0.5686,2014
"Georgetown",0.5683,2014
"Iowa",0.5681,2014
"California",0.5679,2014
"Kansas St.",0.5673,2014
"Illinois",0.5668,2014
"Oklahoma St.",0.5666,2014
"Xavier",0.5663,2014
"Villanova",0.5652,2014
"Pittsburgh",0.5645,2014
"Texas",0.5633,2014
"Massachusetts",0.5629,2014
"Temple",0.5626,2014
"New Mexico",0.5622,2014
"Northwestern",0.5614,2014
"Saint Joseph's",0.5606,2014
"Boston College",0.559,2014
"TCU",0.5588,2014
"Texas Tech",0.5588,2014
"Louisville",0.5587,2014
"La Salle",0.5579,2014
"DePaul",0.5574,2014
"Syracuse",0.5571,2014
"Arizona St.",0.5569,2014
"South Carolina",0.5569,2014
"Cincinnati",0.5568,2014
"USC",0.5566,2014
"Georgia",0.5565,2014
"Missouri",0.5561,2014
"Indiana",0.5561,2014
"Providence",0.5558,2014
"Rutgers",0.5558,2014
"West Virginia",0.5554,2014
"Penn St.",0.5542,2014
"Saint Louis",0.5538,2014
"Richmond",0.5536,2014
"St. John's",0.5534,2014
"San Diego St.",0.5531,2014
"LSU",0.5518,2014
"Washington",0.549,2014
"Marquette",0.5489,2014
"Gonzaga",0.5488,2014
"Saint Mary's",0.5488,2014
"Notre Dame",0.5487,2014
"Clemson",0.5471,2014
"Vanderbilt",0.5471,2014
"Oregon St.",0.5468,2014
"George Washington",0.5461,2014
"Wake Forest",0.5461,2014
"Washington St.",0.5453,2014
"St. Bonaventure",0.5449,2014
"George Mason",0.5448,2014
"San Francisco",0.5439,2014
"Purdue",0.5428,2014
"Arkansas",0.5419,2014
"Boise St.",0.5407,2014
"Virginia Tech",0.5399,2014
"Mississippi",0.5388,2014
"Fresno St.",0.5368,2014
"Rhode Island",0.5361,2014
"Utah",0.536,2014
"Oakland",0.5348,2014
"Eastern Michigan",0.5347,2014
"Miami FL",0.5344,2014
"Wichita St.",0.5328,2014
"Butler",0.5319,2014
"Northern Iowa",0.5319,2014
"Auburn",0.5307,2014
"Seton Hall",0.5306,2014
"SMU",0.5303,2014
"Tulsa",0.5303,2014
"Fordham",0.5281,2014
"Nevada",0.5267,2014
"North Dakota St.",0.526,2014
"Utah St.",0.5254,2014
"Missouri St.",0.5239,2014
"Texas A&M",0.523,2014
"Pacific",0.5227,2014
"Bowling Green",0.5218,2014
"UCF",0.5217,2014
"UNLV",0.5214,2014
"Loyola Marymount",0.5203,2014
"Southern Miss",0.5199,2014
"Ball St.",0.5197,2014
"Illinois St.",0.5194,2014
"Iona",0.5182,2014
"Houston",0.5177,2014
"Cal Poly",0.5176,2014
"Georgia Tech",0.5173,2014
"San Diego",0.5171,2014
"Colorado St.",0.514,2014
"Northeastern",0.513,2014
"Ohio",0.5126,2014
"Denver",0.5124,2014
"Evansville",0.5123,2014
"Belmont",0.512,2014
"Wyoming",0.5115,2014
"Indiana St.",0.5113,2014
"Middle Tennessee",0.511,2014
"Miami OH",0.5108,2014
"San Jose St.",0.5106,2014
"Santa Clara",0.51,2014
"Long Beach St.",0.5098,2014
"Pepperdine",0.5096,2014
"South Florida",0.5091,2014
"Tennessee St.",0.5087,2014
"Western Michigan",0.508,2014
"Duquesne",0.507,2014
"Akron",0.5068,2014
"Cornell",0.5055,2014
"Southern Illinois",0.5053,2014
"Yale",0.5051,2014
"Green Bay",0.5049,2014
"Toledo",0.5046,2014
"Old Dominion",0.5037,2014
"Cleveland St.",0.5033,2014
"Portland",0.5031,2014
"UTEP",0.5025,2014
"Air Force",0.501,2014
"Drexel",0.5,2014
"Louisiana Lafayette",0.4995,2014
"Drake",0.4994,2014
"Boston University",0.498,2014
"Rice",0.4979,2014
"Manhattan",0.4976,2014
"Fairfield",0.4973,2014
"UAB",0.4972,2014
"Mississippi St.",0.497,2014
"Charlotte",0.4967,2014
"Delaware",0.4945,2014
"Harvard",0.4943,2014
"Florida Atlantic",0.4936,2014
"Siena",0.4936,2014
"Louisiana Tech",0.4934,2014
"Arkansas Little Rock",0.4924,2014
"IUPUI",0.4923,2014
"North Texas",0.492,2014
"Columbia",0.4916,2014
"UNC Wilmington",0.4911,2014
"Buffalo",0.4906,2014
"New Mexico St.",0.4905,2014
"James Madison",0.4904,2014
"Detroit",0.4904,2014
"Louisiana Monroe",0.4899,2014
"Canisius",0.4899,2014
"South Alabama",0.4896,2014
"Quinnipiac",0.4894,2014
"Niagara",0.4888,2014
"Marshall",0.4877,2014
"Hofstra",0.4877,2014
"Oral Roberts",0.4873,2014
"Towson",0.4872,2014
"UTSA",0.4865,2014
"Rider",0.4864,2014
"William & Mary",0.4861,2014
"Valparaiso",0.4859,2014
"Northern Illinois",0.4859,2014
"Marist",0.4858,2014
"Bradley",0.4857,2014
"South Dakota",0.4857,2014
"UT Arlington",0.4852,2014
"Northwestern St.",0.4851,2014
"Mercer",0.4851,2014
"Illinois Chicago",0.4848,2014
"Western Kentucky",0.4846,2014
"UMKC",0.4842,2014
"Penn",0.4841,2014
"East Carolina",0.484,2014
"Davidson",0.4838,2014
"UC Irvine",0.4833,2014
"Texas St.",0.483,2014
"Holy Cross",0.4829,2014
"Tulane",0.4822,2014
"FIU",0.482,2014
"South Dakota St.",0.4819,2014
"Milwaukee",0.4817,2014
"Morehead St.",0.4816,2014
"High Point",0.4815,2014
"Murray St.",0.4812,2014
"College of Charleston",0.4806,2014
"McNeese St.",0.4806,2014
"Kent St.",0.4799,2014
"American",0.4795,2014
"Loyola Chicago",0.4791,2014
"Lafayette",0.4791,2014
"Eastern Kentucky",0.479,2014
"Georgia St.",0.4782,2014
"Western Illinois",0.4764,2014
"Central Michigan",0.4761,2014
"Robert Morris",0.4753,2014
"Vermont",0.4751,2014
"Bucknell",0.4751,2014
"North Florida",0.4748,2014
"Hawaii",0.4745,2014
"UC Santa Barbara",0.474,2014
"Youngstown St.",0.4727,2014
"Elon",0.4725,2014
"Kennesaw St.",0.4703,2014
"Weber St.",0.4696,2014
"North Dakota",0.4689,2014
"Chicago St.",0.468,2014
"Wofford",0.468,2014
"Grand Canyon",0.4677,2014
"Eastern Washington",0.4675,2014
"Lehigh",0.4666,2014
"East Tennessee St.",0.4664,2014
"Fairleigh Dickinson",0.4663,2014
"Tennessee Tech",0.4661,2014
"USC Upstate",0.4659,2014
"Saint Peter's",0.4656,2014
"UNC Asheville",0.4652,2014
"Dartmouth",0.4651,2014
"Mount St. Mary's",0.4648,2014
"Troy",0.4648,2014
"Coppin St.",0.4647,2014
"Charleston Southern",0.4638,2014
"Nebraska Omaha",0.4633,2014
"Bryant",0.4632,2014
"Wright St.",0.4625,2014
"Colgate",0.4622,2014
"IPFW",0.4617,2014
"Utah Valley",0.4616,2014
"Southern Utah",0.4615,2014
"Loyola MD",0.4612,2014
"New Orleans",0.461,2014
"Florida Gulf Coast",0.461,2014
"Stephen F. Austin",0.46,2014
"Lipscomb",0.4597,2014
"Morgan St.",0.4593,2014
"Albany",0.459,2014
"Montana",0.4586,2014
"Sam Houston St.",0.4584,2014
"Idaho",0.4582,2014
"Jacksonville",0.458,2014
"Maine",0.458,2014
"Coastal Carolina",0.4579,2014
"Monmouth",0.4571,2014
"Winthrop",0.457,2014
"Southern",0.4565,2014
"Army",0.4563,2014
"Eastern Illinois",0.4561,2014
"Northern Kentucky",0.456,2014
"Princeton",0.456,2014
"Liberty",0.4558,2014
"VMI",0.4551,2014
"Cal St. Fullerton",0.4544,2014
"Arkansas St.",0.4521,2014
"Idaho St.",0.452,2014
"UMass Lowell",0.4513,2014
"Seattle",0.4513,2014
"Northern Arizona",0.4498,2014
"UC Riverside",0.4497,2014
"LIU Brooklyn",0.4494,2014
"Brown",0.4492,2014
"Central Arkansas",0.4487,2014
"St. Francis NY",0.4476,2014
"UT Rio Grande Valley",0.4473,2014
"Cal St. Northridge",0.4471,2014
"Jacksonville St.",0.4468,2014
"UC Davis",0.4467,2014
"Arkansas Pine Bluff",0.4465,2014
"Longwood",0.4458,2014
"Lamar",0.4455,2014
"Stetson",0.4452,2014
"Texas A&M Corpus Chris",0.4444,2014
"St. Francis PA",0.4444,2014
"Tennessee Martin",0.4444,2014
"Houston Baptist",0.4442,2014
"Savannah St.",0.4441,2014
"Howard",0.4433,2014
"Prairie View A&M",0.4422,2014
"Sacramento St.",0.4419,2014
"Northern Colorado",0.4412,2014
"Western Carolina",0.4407,2014
"Navy",0.4405,2014
"Appalachian St.",0.4402,2014
"SIU Edwardsville",0.44,2014
"Central Connecticut",0.4392,2014
"Portland St.",0.4392,2014
"Cal St. Bakersfield",0.4385,2014
"Austin Peay",0.4383,2014
"Hartford",0.4365,2014
"Norfolk St.",0.4364,2014
"Delaware St.",0.4356,2014
"Sacred Heart",0.4354,2014
"The Citadel",0.435,2014
"New Hampshire",0.4349,2014
"Binghamton",0.4347,2014
"Gardner Webb",0.4323,2014
"Montana St.",0.432,2014
"Stony Brook",0.4318,2014
"Campbell",0.4316,2014
"Hampton",0.4312,2014
"UNC Greensboro",0.4311,2014
"South Carolina St.",0.4309,2014
"Jackson St.",0.4305,2014
"Samford",0.4303,2014
"UMBC",0.4293,2014
"Chattanooga",0.428,2014
"Alcorn St.",0.4246,2014
"North Carolina Central",0.4243,2014
"Alabama A&M",0.423,2014
"Southeastern Louisiana",0.4224,2014
"Wagner",0.4218,2014
"North Carolina A&T",0.4198,2014
"Florida A&M",0.4171,2014
"Southeast Missouri St.",0.4171,2014
"Bethune Cookman",0.4152,2014
"Nicholls St.",0.4152,2014
"Presbyterian",0.4138,2014
"Maryland Eastern Shore",0.4119,2014
"Grambling St.",0.4111,2014
"NJIT",0.4109,2014
"Furman",0.4107,2014
"Georgia Southern",0.4107,2014
"Radford",0.41,2014
"Mississippi Valley St.",0.4086,2014
"Texas Southern",0.4054,2014
"Alabama St.",0.4035,2014
"Kansas",0.6229,2015
"North Carolina",0.6205,2015
"Duke",0.6089,2015
"Wisconsin",0.6049,2015
"Michigan St.",0.6041,2015
"North Carolina St.",0.5984,2015
"Baylor",0.5959,2015
"Xavier",0.5912,2015
"Florida",0.5894,2015
"Providence",0.5894,2015
"Georgetown",0.588,2015
"Oklahoma",0.587,2015
"Michigan",0.5853,2015
"Louisville",0.5829,2015
"Iowa St.",0.5827,2015
"Arizona",0.5805,2015
"Kentucky",0.58,2015
"Utah",0.5797,2015
"VCU",0.5793,2015
"UCLA",0.5785,2015
"West Virginia",0.5769,2015
"Texas",0.5769,2015
"Oklahoma St.",0.5764,2015
"Virginia",0.5758,2015
"Iowa",0.5719,2015
"St. John's",0.5704,2015
"Stanford",0.5703,2015
"Butler",0.5695,2015
"Indiana",0.5693,2015
"Kansas St.",0.5683,2015
"Villanova",0.5681,2015
"Oregon",0.5675,2015
"Missouri",0.5667,2015
"Wake Forest",0.5653,2015
"Georgia Tech",0.5648,2015
"Marquette",0.5639,2015
"Maryland",0.5639,2015
"Auburn",0.5637,2015
"Syracuse",0.5635,2015
"Arkansas",0.563,2015
"Notre Dame",0.5627,2015
"Georgia",0.5619,2015
"Rutgers",0.5611,2015
"Pittsburgh",0.5608,2015
"SMU",0.5583,2015
"South Carolina",0.5575,2015
"Boston College",0.5572,2015
"Cincinnati",0.5567,2015
"Illinois St.",0.5567,2015
"Ohio St.",0.5566,2015
"Tennessee",0.5565,2015
"Richmond",0.5561,2015
"Mississippi",0.5554,2015
"Miami FL",0.5546,2015
"Temple",0.5537,2015
"Alabama",0.5533,2015
"Colorado",0.553,2015
"Northwestern",0.5527,2015
"Arizona St.",0.5524,2015
"Gonzaga",0.552,2015
"Clemson",0.5517,2015
"Purdue",0.5517,2015
"Connecticut",0.5515,2015
"Nebraska",0.551,2015
"Massachusetts",0.5509,2015
"California",0.5492,2015
"Florida St.",0.5486,2015
"Memphis",0.5482,2015
"Texas Tech",0.548,2015
"Illinois",0.5476,2015
"San Diego St.",0.5473,2015
"Minnesota",0.5466,2015
"Creighton",0.5454,2015
"George Mason",0.5435,2015
"Seton Hall",0.5432,2015
"Wichita St.",0.5425,2015
"BYU",0.5413,2015
"La Salle",0.5401,2015
"Buffalo",0.5398,2015
"Washington St.",0.5379,2015
"Washington",0.5367,2015
"Penn St.",0.5361,2015
"Virginia Tech",0.536,2015
"Texas A&M",0.5356,2015
"USC",0.5355,2015
"DePaul",0.5346,2015
"UNLV",0.5341,2015
"Dayton",0.5336,2015
"LSU",0.5335,2015
"Tulsa",0.5332,2015
"Long Beach St.",0.5328,2015
"Vanderbilt",0.5309,2015
"Northern Iowa",0.5292,2015
"Fordham",0.5266,2015
"Drake",0.5264,2015
"UAB",0.5252,2015
"Toledo",0.5242,2015
"Davidson",0.5222,2015
"TCU",0.5219,2015
"Oregon St.",0.5219,2015
"Loyola Marymount",0.5218,2015
"Missouri St.",0.5217,2015
"Ohio",0.5217,2015
"San Francisco",0.5207,2015
"UC Santa Barbara",0.5205,2015
"Saint Joseph's",0.5197,2015
"Saint Mary's",0.5196,2015
"Rhode Island",0.5194,2015
"South Florida",0.5183,2015
"Boise St.",0.517,2015
"Ball St.",0.5165,2015
"Loyola Chicago",0.5156,2015
"San Diego",0.5154,2015
"Mississippi St.",0.5149,2015
"Bradley",0.5139,2015
"Colorado St.",0.5138,2015
"Old Dominion",0.5136,2015
"Duquesne",0.5132,2015
"Evansville",0.5124,2015
"Portland",0.5116,2015
"Oakland",0.5114,2015
"Indiana St.",0.5111,2015
"Cal St. Northridge",0.5094,2015
"UTEP",0.5089,2015
"Santa Clara",0.5088,2015
"Yale",0.5087,2015
"Harvard",0.5087,2015
"Akron",0.5076,2015
"Middle Tennessee",0.5076,2015
"East Carolina",0.5072,2015
"George Washington",0.5071,2015
"Fresno St.",0.5068,2015
"Georgia St.",0.5066,2015
"New Mexico",0.5065,2015
"San Jose St.",0.5057,2015
"St. Bonaventure",0.5054,2015
"Saint Louis",0.5045,2015
"UC Irvine",0.5043,2015
"Columbia",0.5043,2015
"Southern Miss",0.5035,2015
"William & Mary",0.5034,2015
"Cleveland St.",0.5028,2015
"Boston University",0.5027,2015
"Wyoming",0.5018,2015
"Kent St.",0.5017,2015
"Northern Illinois",0.5014,2015
"Miami (OH)",0.5007,2015
"Green Bay",0.5007,2015
"Detroit",0.4984,2015
"Pacific",0.4979,2015
"Louisiana Tech",0.4974,2015
"Lafayette",0.4967,2015
"Louisiana Lafayette",0.4966,2015
"Central Michigan",0.4959,2015
"Western Kentucky",0.4956,2015
"Fairfield",0.4952,2015
"Louisiana Monroe",0.4949,2015
"Denver",0.4945,2015
"Pepperdine",0.4944,2015
"Eastern Michigan",0.4943,2015
"UCF",0.494,2015
"Bucknell",0.4939,2015
"Stephen F. Austin",0.4933,2015
"Milwaukee",0.493,2015
"Charlotte",0.4928,2015
"James Madison",0.4927,2015
"Rice",0.4926,2015
"Western Michigan",0.4924,2015
"North Texas",0.4917,2015
"Holy Cross",0.4917,2015
"Houston",0.4914,2015
"Penn",0.491,2015
"Utah St.",0.4904,2015
"Cal Poly",0.4902,2015
"Murray St.",0.4902,2015
"American",0.4898,2015
"Tulane",0.4896,2015
"Illinois Chicago",0.4893,2015
"Northeastern",0.4893,2015
"Marshall",0.4888,2015
"Hawaii",0.4887,2015
"Delaware",0.4875,2015
"Wofford",0.4874,2015
"Gardner Webb",0.4872,2015
"Eastern Illinois",0.487,2015
"IUPUI",0.4869,2015
"Iona",0.4857,2015
"Nevada",0.4853,2015
"Oral Roberts",0.4846,2015
"Robert Morris",0.4845,2015
"Texas St.",0.4844,2015
"Niagara",0.4843,2015
"Canisius",0.4837,2015
"Colgate",0.4831,2015
"Southern Illinois",0.483,2015
"Drexel",0.4824,2015
"Air Force",0.4822,2015
"Brown",0.4821,2015
"Lehigh",0.4819,2015
"South Alabama",0.4818,2015
"Navy",0.4813,2015
"Eastern Washington",0.4812,2015
"Montana",0.4808,2015
"Wright St.",0.4807,2015
"Belmont",0.4804,2015
"Bowling Green",0.4802,2015
"UTA",0.4801,2015
"South Dakota St.",0.4797,2015
"Northern Arizona",0.4796,2015
"High Point",0.4794,2015
"New Mexico St.",0.4792,2015
"Florida Atlantic",0.4787,2015
"Northwestern St.",0.4785,2015
"UC Riverside",0.4781,2015
"Siena",0.478,2015
"Cornell",0.4778,2015
"Valparaiso",0.4775,2015
"Morehead St.",0.4773,2015
"Furman",0.4771,2015
"Charleston",0.4769,2015
"Dartmouth",0.4765,2015
"NJIT",0.4765,2015
"Austin Peay",0.4764,2015
"UNC Wilmington",0.4748,2015
"East Tennessee St.",0.4748,2015
"Sam Houston St.",0.4745,2015
"Mount St. Mary's",0.4739,2015
"Princeton",0.4738,2015
"Monmouth",0.4738,2015
"North Dakota St.",0.4737,2015
"Eastern Kentucky",0.4734,2015
"Tennessee St.",0.4723,2015
"Youngstown St.",0.4722,2015
"Chattanooga",0.4714,2015
"UTSA",0.4711,2015
"Maine",0.4709,2015
"St. Francis PA",0.4706,2015
"North Dakota",0.4705,2015
"Bryant",0.4704,2015
"Western Illinois",0.4701,2015
"Montana St.",0.47,2015
"Presbyterian",0.4696,2015
"IPFW",0.4692,2015
"Binghamton",0.4689,2015
"Idaho",0.4688,2015
"Stony Brook",0.4686,2015
"Loyola MD",0.4686,2015
"Weber St.",0.4686,2015
"Lamar",0.4682,2015
"Wagner",0.4676,2015
"Cal St. Fullerton",0.4675,2015
"Marist",0.4671,2015
"Western Carolina",0.4666,2015
"Charleston Southern",0.4664,2015
"South Dakota",0.4662,2015
"Northern Kentucky",0.4656,2015
"Georgia Southern",0.4652,2015
"LIU Brooklyn",0.4652,2015
"Arkansas Little Rock",0.465,2015
"Mercer",0.4646,2015
"VMI",0.4645,2015
"FIU",0.4643,2015
"Quinnipiac",0.4642,2015
"Tennessee Martin",0.4639,2015
"UNC Greensboro",0.4636,2015
"Campbell",0.4633,2015
"Rider",0.4632,2015
"Sacramento St.",0.4628,2015
"Chicago St.",0.4626,2015
"Florida Gulf Coast",0.4624,2015
"Appalachian St.",0.4624,2015
"Coppin St.",0.4623,2015
"Arkansas St.",0.4621,2015
"Norfolk St.",0.462,2015
"Texas Southern",0.4608,2015
"UC Davis",0.4604,2015
"Albany",0.4595,2015
"Radford",0.4595,2015
"Incarnate Word",0.4588,2015
"Delaware St.",0.4585,2015
"Manhattan",0.4577,2015
"Houston Baptist",0.4573,2015
"Tennessee Tech",0.457,2015
"Fairleigh Dickinson",0.4565,2015
"Coastal Carolina",0.4563,2015
"Hofstra",0.4557,2015
"Vermont",0.4555,2015
"Northern Colorado",0.4551,2015
"Sacred Heart",0.4551,2015
"SIU Edwardsville",0.4547,2015
"Abilene Christian",0.4538,2015
"Jacksonville St.",0.4529,2015
"Hartford",0.4526,2015
"UNC Asheville",0.4524,2015
"Army",0.4523,2015
"Elon",0.4521,2015
"Portland St.",0.4515,2015
"Saint Peter's",0.4512,2015
"UMass Lowell",0.4495,2015
"St. Francis NY",0.4492,2015
"Texas A&M Corpus Chris",0.4488,2015
"Troy",0.4486,2015
"Southern Utah",0.4482,2015
"Towson",0.448,2015
"Southeast Missouri St.",0.4479,2015
"Southern",0.4479,2015
"Central Connecticut",0.4474,2015
"Maryland Eastern Shore",0.4467,2015
"Kennesaw St.",0.4462,2015
"Hampton",0.4461,2015
"Utah Valley",0.4449,2015
"Longwood",0.4445,2015
"McNeese St.",0.4443,2015
"New Hampshire",0.444,2015
"Nicholls St.",0.4437,2015
"UMBC",0.4428,2015
"Lipscomb",0.4426,2015
"Cal St. Bakersfield",0.4415,2015
"Idaho St.",0.441,2015
"Stetson",0.4393,2015
"Winthrop",0.4391,2015
"Seattle",0.4388,2015
"North Florida",0.4382,2015
"Savannah St.",0.4381,2015
"The Citadel",0.4369,2015
"Liberty",0.4365,2015
"Grand Canyon",0.436,2015
"UTPA",0.434,2015
"UMKC",0.4331,2015
"Morgan St.",0.4322,2015
"Prairie View A&M",0.4315,2015
"Samford",0.4314,2015
"Central Arkansas",0.43,2015
"South Carolina St.",0.4293,2015
"Howard",0.4287,2015
"USC Upstate",0.4282,2015
"Southeastern Louisiana",0.4282,2015
"Nebraska Omaha",0.4269,2015
"New Orleans",0.4265,2015
"Jacksonville",0.4248,2015
"Arkansas Pine Bluff",0.4243,2015
"North Carolina Central",0.4236,2015
"Mississippi Valley St.",0.4212,2015
"North Carolina A&T",0.4196,2015
"Jackson St.",0.417,2015
"Florida A&M",0.4144,2015
"Alcorn St.",0.4133,2015
"Alabama A&M",0.4125,2015
"Grambling St.",0.4068,2015
"Bethune Cookman",0.3879,2015
"Alabama St.",0.3854,2015
"Virginia",0.6037,2016
"Kansas",0.6021,2016
"Villanova",0.6007,2016
"Oklahoma",0.5995,2016
"Duke",0.5995,2016
"Oregon",0.5968,2016
"Texas",0.5926,2016
"Iowa St.",0.5924,2016
"North Carolina",0.5915,2016
"Baylor",0.5906,2016
"Miami FL",0.5902,2016
"Utah",0.5902,2016
"Stanford",0.5862,2016
"Wisconsin",0.585,2016
"West Virginia",0.5845,2016
"Texas Tech",0.584,2016
"Notre Dame",0.5838,2016
"Oregon St.",0.583,2016
"Georgia Tech",0.5822,2016
"California",0.5811,2016
"Syracuse",0.5808,2016
"Florida",0.5792,2016
"Maryland",0.5776,2016
"Kentucky",0.5774,2016
"Georgetown",0.5751,2016
"Georgia",0.5742,2016
"Kansas St.",0.5728,2016
"UCLA",0.5724,2016
"Pittsburgh",0.5721,2016
"Iowa",0.5715,2016
"Xavier",0.5686,2016
"Arizona St.",0.5685,2016
"Purdue",0.5669,2016
"Seton Hall",0.5661,2016
"Wake Forest",0.5658,2016
"Louisville",0.5649,2016
"Washington",0.5634,2016
"USC",0.563,2016
"Providence",0.563,2016
"Alabama",0.5629,2016
"Vanderbilt",0.5623,2016
"Washington St.",0.5621,2016
"Ohio St.",0.5616,2016
"Virginia Tech",0.5616,2016
"Saint Joseph's",0.5609,2016
"Colorado",0.5607,2016
"Texas A&M",0.5602,2016
"Connecticut",0.5595,2016
"North Carolina St.",0.5592,2016
"Michigan",0.5591,2016
"St. John's",0.5586,2016
"Michigan St.",0.5566,2016
"VCU",0.5562,2016
"San Diego St.",0.556,2016
"TCU",0.5555,2016
"Dayton",0.5534,2016
"Boston College",0.5526,2016
"Tennessee",0.5525,2016
"Indiana",0.552,2016
"Florida St.",0.5518,2016
"Butler",0.5511,2016
"Auburn",0.5506,2016
"Davidson",0.5505,2016
"Oklahoma St.",0.5497,2016
"DePaul",0.5491,2016
"Cincinnati",0.5467,2016
"Illinois",0.5457,2016
"Tulsa",0.5449,2016
"La Salle",0.5447,2016
"Arizona",0.544,2016
"Arkansas",0.544,2016
"Temple",0.5438,2016
"LSU",0.5436,2016
"South Florida",0.543,2016
"Creighton",0.543,2016
"Richmond",0.5427,2016
"Missouri",0.5409,2016
"George Washington",0.5406,2016
"Penn St.",0.5404,2016
"Buffalo",0.5396,2016
"SMU",0.5391,2016
"Northern Iowa",0.5389,2016
"St. Bonaventure",0.5388,2016
"Mississippi St.",0.5381,2016
"Long Beach St.",0.5381,2016
"Eastern Michigan",0.5377,2016
"Saint Louis",0.5367,2016
"William & Mary",0.5365,2016
"Rhode Island",0.535,2016
"Wichita St.",0.5347,2016
"Drexel",0.5344,2016
"George Mason",0.5344,2016
"Gonzaga",0.5329,2016
"Miami (OH)",0.5298,2016
"Clemson",0.529,2016
"Minnesota",0.5282,2016
"Northeastern",0.5269,2016
"Marshall",0.5263,2016
"Massachusetts",0.526,2016
"Nebraska",0.5257,2016
"Wyoming",0.5255,2016
"Oral Roberts",0.525,2016
"Illinois St.",0.5246,2016
"Utah St.",0.5238,2016
"Hofstra",0.5236,2016
"BYU",0.5232,2016
"New Mexico",0.5231,2016
"Marquette",0.523,2016
"Rutgers",0.5228,2016
"Ohio",0.522,2016
"UNLV",0.5206,2016
"UC Santa Barbara",0.5203,2016
"Memphis",0.5199,2016
"Western Michigan",0.5196,2016
"Fresno St.",0.5182,2016
"Duquesne",0.5174,2016
"Nevada",0.5168,2016
"Boise St.",0.5164,2016
"Pacific",0.5163,2016
"Indiana St.",0.5145,2016
"Bradley",0.5142,2016
"Central Michigan",0.5139,2016
"South Carolina",0.5132,2016
"Akron",0.513,2016
"UNC Wilmington",0.5127,2016
"Saint Mary's",0.5118,2016
"Valparaiso",0.5117,2016
"Charleston",0.5115,2016
"South Dakota St.",0.5109,2016
"East Carolina",0.5107,2016
"Western Kentucky",0.5105,2016
"Elon",0.5105,2016
"Middle Tennessee",0.5103,2016
"James Madison",0.509,2016
"Western Carolina",0.5087,2016
"Northwestern",0.5081,2016
"Tulane",0.507,2016
"Delaware",0.5065,2016
"East Tennessee St.",0.5063,2016
"Cal Poly",0.5063,2016
"Houston",0.5061,2016
"Louisiana Monroe",0.5054,2016
"Mississippi",0.5049,2016
"Princeton",0.5046,2016
"Yale",0.5046,2016
"Kent St.",0.504,2016
"IUPUI",0.5039,2016
"Cleveland St.",0.5036,2016
"Pepperdine",0.5031,2016
"UC Irvine",0.5028,2016
"Harvard",0.5019,2016
"Colorado St.",0.5014,2016
"UCF",0.5012,2016
"Morehead St.",0.5011,2016
"San Jose St.",0.5011,2016
"Iona",0.5011,2016
"IPFW",0.5,2016
"Appalachian St.",0.4992,2016
"Louisiana Lafayette",0.4989,2016
"Air Force",0.4979,2016
"Santa Clara",0.4979,2016
"South Dakota",0.4973,2016
"Portland",0.4951,2016
"Monmouth",0.4933,2016
"Belmont",0.4933,2016
"Northern Illinois",0.4929,2016
"Siena",0.4921,2016
"Cornell",0.4912,2016
"Fordham",0.4907,2016
"Columbia",0.49,2016
"Fairfield",0.4899,2016
"Missouri St.",0.4896,2016
"Lehigh",0.4896,2016
"Nebraska Omaha",0.4893,2016
"Loyola MD",0.489,2016
"Old Dominion",0.4889,2016
"Georgia St.",0.4886,2016
"Oakland",0.4883,2016
"Murray St.",0.4876,2016
"Northern Arizona",0.4872,2016
"Green Bay",0.4871,2016
"Stony Brook",0.4871,2016
"Evansville",0.4868,2016
"Bowling Green",0.4859,2016
"Western Illinois",0.4856,2016
"Coastal Carolina",0.4854,2016
"Hawaii",0.4846,2016
"Austin Peay",0.4844,2016
"Kennesaw St.",0.4842,2016
"North Dakota St.",0.4837,2016
"UNC Greensboro",0.4836,2016
"Northern Kentucky",0.4834,2016
"Charleston Southern",0.4832,2016
"Vermont",0.483,2016
"Arkansas Little Rock",0.4828,2016
"Radford",0.4827,2016
"Furman",0.4826,2016
"Chattanooga",0.4825,2016
"Wofford",0.4817,2016
"New Mexico St.",0.4815,2016
"Tennessee Tech",0.4815,2016
"UNC Asheville",0.4813,2016
"Drake",0.4812,2016
"Toledo",0.4807,2016
"Ball St.",0.4807,2016
"Troy",0.4803,2016
"Florida Atlantic",0.4794,2016
"Charlotte",0.4793,2016
"Arkansas St.",0.4792,2016
"Youngstown St.",0.4792,2016
"Detroit",0.4788,2016
"Denver",0.4784,2016
"Stephen F. Austin",0.4779,2016
"Canisius",0.4777,2016
"Towson",0.4776,2016
"Rice",0.4774,2016
"South Alabama",0.4772,2016
"SIU Edwardsville",0.4771,2016
"UC Davis",0.4766,2016
"Bucknell",0.4764,2016
"Dartmouth",0.4762,2016
"Chicago St.",0.4762,2016
"Manhattan",0.4756,2016
"Lipscomb",0.4755,2016
"Eastern Kentucky",0.4752,2016
"American",0.475,2016
"Loyola Marymount",0.4745,2016
"Jacksonville St.",0.4742,2016
"Saint Peter's",0.4737,2016
"Wright St.",0.4735,2016
"San Diego",0.4732,2016
"North Texas",0.4731,2016
"Cal St. Northridge",0.4729,2016
"VMI",0.4723,2016
"Niagara",0.4723,2016
"UTA",0.472,2016
"Rider",0.4717,2016
"Loyola Chicago",0.471,2016
"Sam Houston St.",0.4701,2016
"Liberty",0.4695,2016
"Brown",0.4684,2016
"San Francisco",0.468,2016
"Binghamton",0.4679,2016
"Georgia Southern",0.4678,2016
"Penn",0.4676,2016
"Southern Illinois",0.4673,2016
"UAB",0.4673,2016
"NJIT",0.467,2016
"North Dakota",0.467,2016
"Grand Canyon",0.4665,2016
"Hartford",0.4664,2016
"Lafayette",0.4664,2016
"Florida Gulf Coast",0.466,2016
"FIU",0.4655,2016
"Utah Valley",0.465,2016
"Illinois Chicago",0.4647,2016
"Montana",0.4646,2016
"Cal St. Fullerton",0.4645,2016
"Gardner Webb",0.4641,2016
"Texas A&M Corpus Chris",0.464,2016
"UMKC",0.4638,2016
"Louisiana Tech",0.4636,2016
"Quinnipiac",0.4635,2016
"Marist",0.4635,2016
"Northern Colorado",0.4623,2016
"Milwaukee",0.462,2016
"Houston Baptist",0.4613,2016
"Holy Cross",0.461,2016
"Southern Miss",0.4609,2016
"UMass Lowell",0.4603,2016
"Southeast Missouri St.",0.4599,2016
"UTRGV",0.4592,2016
"Boston University",0.459,2016
"High Point",0.4584,2016
"Mercer",0.4581,2016
"Colgate",0.4581,2016
"Weber St.",0.4572,2016
"Southern Utah",0.4556,2016
"Eastern Illinois",0.4551,2016
"Samford",0.4549,2016
"Texas St.",0.4548,2016
"New Hampshire",0.4544,2016
"Robert Morris",0.4543,2016
"Tennessee St.",0.4541,2016
"Incarnate Word",0.4536,2016
"Winthrop",0.4526,2016
"UTEP",0.4525,2016
"Norfolk St.",0.4525,2016
"UC Riverside",0.4524,2016
"Albany",0.4522,2016
"Bryant",0.452,2016
"Stetson",0.4519,2016
"Cal St. Bakersfield",0.4519,2016
"USC Upstate",0.4517,2016
"Nicholls St.",0.4504,2016
"Mount St. Mary's",0.45,2016
"Fairleigh Dickinson",0.4493,2016
"North Florida",0.4491,2016
"Maine",0.4489,2016
"Seattle",0.4486,2016
"Portland St.",0.4484,2016
"The Citadel",0.4481,2016
"Longwood",0.4474,2016
"St. Francis PA",0.4466,2016
"Sacramento St.",0.446,2016
"UTSA",0.4457,2016
"Presbyterian",0.4447,2016
"Sacred Heart",0.4436,2016
"Arkansas Pine Bluff",0.4434,2016
"Navy",0.4433,2016
"Texas Southern",0.4427,2016
"Army",0.4419,2016
"Hampton",0.4418,2016
"UMBC",0.4411,2016
"Maryland Eastern Shore",0.441,2016
"Coppin St.",0.4409,2016
"Morgan St.",0.4386,2016
"Delaware St.",0.4385,2016
"Mississippi Valley St.",0.4384,2016
"Tennessee Martin",0.4384,2016
"Idaho",0.437,2016
"Prairie View A&M",0.4369,2016
"Montana St.",0.4367,2016
"Eastern Washington",0.4363,2016
"South Carolina St.",0.4359,2016
"Wagner",0.4351,2016
"Campbell",0.4349,2016
"Northwestern St.",0.4344,2016
"Jackson St.",0.4334,2016
"Alabama St.",0.4328,2016
"Grambling St.",0.428,2016
"Abilene Christian",0.4251,2016
"Central Arkansas",0.425,2016
"Alcorn St.",0.4247,2016
"St. Francis NY",0.4246,2016
"Southern",0.4234,2016
"Jacksonville",0.4231,2016
"Howard",0.423,2016
"Savannah St.",0.4212,2016
"Idaho St.",0.4187,2016
"Lamar",0.4186,2016
"North Carolina Central",0.4186,2016
"Bethune Cookman",0.4177,2016
"McNeese St.",0.4167,2016
"Southeastern Louisiana",0.4159,2016
"Central Connecticut",0.414,2016
"LIU Brooklyn",0.4137,2016
"North Carolina A&T",0.4078,2016
"New Orleans",0.4072,2016
"Florida A&M",0.406,2016
"North Carolina",0.6075,2017
"Vanderbilt",0.6063,2017
"Louisville",0.6041,2017
"Baylor",0.601,2017
"Virginia",0.6001,2017
"Kentucky",0.5978,2017
"Florida",0.5977,2017
"Xavier",0.5967,2017
"Duke",0.5956,2017
"Butler",0.5956,2017
"Michigan St.",0.592,2017
"Pittsburgh",0.5905,2017
"Nebraska",0.5904,2017
"Kansas",0.5897,2017
"Oklahoma St.",0.5882,2017
"Iowa St.",0.5882,2017
"Texas",0.5882,2017
"Georgia",0.5874,2017
"Michigan",0.5843,2017
"Arizona",0.5839,2017
"Florida St.",0.5822,2017
"Minnesota",0.5817,2017
"South Carolina",0.5813,2017
"Wake Forest",0.5798,2017
"Illinois",0.5797,2017
"Oregon",0.5793,2017
"Tennessee",0.5792,2017
"Notre Dame",0.5775,2017
"Villanova",0.5758,2017
"Clemson",0.5755,2017
"TCU",0.574,2017
"Stanford",0.5734,2017
"Oklahoma",0.5712,2017
"Kansas St.",0.5696,2017
"Georgetown",0.5689,2017
"West Virginia",0.5686,2017
"Purdue",0.5679,2017
"Penn St.",0.5665,2017
"Miami FL",0.5664,2017
"Creighton",0.5655,2017
"Arkansas",0.5649,2017
"Indiana",0.564,2017
"Seton Hall",0.5616,2017
"LSU",0.5614,2017
"Maryland",0.561,2017
"Rhode Island",0.5604,2017
"Boston College",0.559,2017
"California",0.5589,2017
"Northwestern",0.5586,2017
"Providence",0.5582,2017
"VCU",0.5578,2017
"Wisconsin",0.5577,2017
"Washington",0.5574,2017
"Texas A&M",0.5571,2017
"Marquette",0.5571,2017
"Ohio St.",0.5569,2017
"Syracuse",0.5564,2017
"Georgia Tech",0.5552,2017
"Cincinnati",0.5552,2017
"Iowa",0.5548,2017
"USC",0.5541,2017
"St. John's",0.5537,2017
"Gonzaga",0.5531,2017
"Washington St.",0.5521,2017
"Arizona St.",0.552,2017
"Connecticut",0.5517,2017
"Virginia Tech",0.551,2017
"Mississippi",0.5502,2017
"North Carolina St.",0.5501,2017
"Saint Mary's",0.5498,2017
"UCLA",0.5497,2017
"Alabama",0.549,2017
"Dayton",0.5465,2017
"Oregon St.",0.5443,2017
"New Mexico",0.542,2017
"SMU",0.5417,2017
"Davidson",0.5396,2017
"Tulsa",0.5384,2017
"Houston",0.5383,2017
"DePaul",0.5383,2017
"Colorado St.",0.5364,2017
"Missouri",0.5352,2017
"BYU",0.5347,2017
"Colorado",0.5305,2017
"Richmond",0.5304,2017
"Santa Clara",0.5303,2017
"UCF",0.5295,2017
"Mississippi St.",0.5293,2017
"Temple",0.5291,2017
"Boise St.",0.5281,2017
"La Salle",0.5277,2017
"Saint Joseph's",0.527,2017
"Pacific",0.5266,2017
"Utah St.",0.5257,2017
"Texas Tech",0.5251,2017
"Fresno St.",0.5248,2017
"Northern Iowa",0.5248,2017
"Rutgers",0.5241,2017
"Utah",0.5225,2017
"Siena",0.5225,2017
"Pepperdine",0.5224,2017
"Auburn",0.5208,2017
"Loyola Marymount",0.5206,2017
"San Diego St.",0.5202,2017
"Nevada",0.5199,2017
"Southern Illinois",0.5198,2017
"UTA",0.5197,2017
"Eastern Michigan",0.5175,2017
"Wichita St.",0.517,2017
"Air Force",0.5169,2017
"William & Mary",0.5163,2017
"Illinois St.",0.5162,2017
"Evansville",0.5156,2017
"George Washington",0.5155,2017
"UNC Wilmington",0.515,2017
"San Francisco",0.5148,2017
"UNLV",0.5146,2017
"St. Bonaventure",0.5144,2017
"Portland",0.5141,2017
"San Jose St.",0.5134,2017
"Massachusetts",0.5126,2017
"Towson",0.5123,2017
"Charleston",0.512,2017
"Tulane",0.5119,2017
"Northeastern",0.5109,2017
"Coastal Carolina",0.5108,2017
"George Mason",0.5108,2017
"Marshall",0.5107,2017
"Memphis",0.51,2017
"Toledo",0.5094,2017
"Fordham",0.5091,2017
"Middle Tennessee",0.5083,2017
"San Diego",0.5076,2017
"Oral Roberts",0.5075,2017
"Buffalo",0.5074,2017
"Bradley",0.5071,2017
"Cal St. Bakersfield",0.5066,2017
"South Dakota St.",0.5065,2017
"Saint Louis",0.5053,2017
"Cleveland St.",0.5051,2017
"UMKC",0.5051,2017
"Princeton",0.5049,2017
"Indiana St.",0.5046,2017
"Iona",0.5044,2017
"Mercer",0.5044,2017
"Chicago St.",0.5039,2017
"Akron",0.5037,2017
"Wyoming",0.5036,2017
"Western Michigan",0.5034,2017
"Wofford",0.5028,2017
"Duquesne",0.5027,2017
"James Madison",0.5013,2017
"Drake",0.5007,2017
"Western Carolina",0.4996,2017
"Georgia St.",0.4996,2017
"East Carolina",0.4973,2017
"Marist",0.4972,2017
"Bowling Green",0.4961,2017
"Louisiana Monroe",0.496,2017
"Georgia Southern",0.4955,2017
"East Tennessee St.",0.4951,2017
"Appalachian St.",0.4951,2017
"Vermont",0.4948,2017
"Morehead St.",0.4946,2017
"North Florida",0.4942,2017
"Hofstra",0.4942,2017
"Saint Peter's",0.4942,2017
"South Florida",0.4937,2017
"Monmouth",0.4926,2017
"Bucknell",0.4924,2017
"Detroit",0.4924,2017
"UC Santa Barbara",0.4923,2017
"Milwaukee",0.4921,2017
"Wright St.",0.4918,2017
"VMI",0.4917,2017
"Louisiana Lafayette",0.4907,2017
"Mount St. Mary's",0.4902,2017
"Kent St.",0.4901,2017
"Utah Valley",0.4901,2017
"Belmont",0.49,2017
"Manhattan",0.49,2017
"Delaware",0.4896,2017
"UC Irvine",0.4889,2017
"Lehigh",0.4888,2017
"South Alabama",0.4882,2017
"Nebraska Omaha",0.4879,2017
"Furman",0.4876,2017
"North Dakota St.",0.4871,2017
"Valparaiso",0.4871,2017
"Northern Kentucky",0.4867,2017
"Ohio",0.4867,2017
"Cornell",0.4862,2017
"Old Dominion",0.4861,2017
"Elon",0.4857,2017
"UNC Asheville",0.4856,2017
"UAB",0.4846,2017
"McNeese St.",0.4844,2017
"Long Beach St.",0.4832,2017
"Loyola Chicago",0.4832,2017
"Samford",0.4831,2017
"Miami (OH)",0.483,2017
"Canisius",0.483,2017
"Chattanooga",0.4829,2017
"New Hampshire",0.482,2017
"Penn",0.4818,2017
"Radford",0.4818,2017
"Eastern Kentucky",0.4816,2017
"UNC Greensboro",0.4814,2017
"Troy",0.4813,2017
"Albany",0.481,2017
"UTEP",0.4802,2017
"Navy",0.4801,2017
"Liberty",0.4799,2017
"New Mexico St.",0.4799,2017
"Houston Baptist",0.4795,2017
"Quinnipiac",0.4793,2017
"Winthrop",0.4789,2017
"Yale",0.4787,2017
"Missouri St.",0.4787,2017
"Arkansas St.",0.4786,2017
"Fairfield",0.4785,2017
"UTRGV",0.4782,2017
"Youngstown St.",0.4782,2017
"IUPUI",0.4781,2017
"Tennessee St.",0.4773,2017
"Maine",0.4767,2017
"Green Bay",0.476,2017
"Charlotte",0.4758,2017
"Harvard",0.4753,2017
"Florida Gulf Coast",0.4751,2017
"The Citadel",0.475,2017
"Austin Peay",0.4749,2017
"Florida Atlantic",0.4746,2017
"Loyola MD",0.4744,2017
"Boston University",0.4741,2017
"South Dakota",0.4736,2017
"Jacksonville St.",0.4735,2017
"Holy Cross",0.4734,2017
"Oakland",0.4732,2017
"Niagara",0.4731,2017
"Central Arkansas",0.473,2017
"American",0.4725,2017
"Dartmouth",0.4715,2017
"UMBC",0.4714,2017
"IPFW",0.4706,2017
"Stony Brook",0.47,2017
"Central Michigan",0.4693,2017
"Drexel",0.4685,2017
"Louisiana Tech",0.4679,2017
"Gardner Webb",0.4667,2017
"Texas St.",0.4664,2017
"FIU",0.4656,2017
"Illinois Chicago",0.4651,2017
"Stephen F. Austin",0.465,2017
"Northern Illinois",0.4648,2017
"Texas A&M Corpus Chris",0.4647,2017
"Grand Canyon",0.4638,2017
"Weber St.",0.4635,2017
"High Point",0.463,2017
"Incarnate Word",0.4629,2017
"Arkansas Little Rock",0.4627,2017
"Army",0.4626,2017
"Tennessee Tech",0.4624,2017
"Seattle",0.4621,2017
"New Orleans",0.4619,2017
"Western Illinois",0.4618,2017
"Idaho St.",0.4614,2017
"NJIT",0.4613,2017
"Murray St.",0.4608,2017
"Ball St.",0.4607,2017
"Western Kentucky",0.4604,2017
"UTSA",0.4603,2017
"SIU Edwardsville",0.4597,2017
"Charleston Southern",0.4596,2017
"Lipscomb",0.4595,2017
"Nicholls St.",0.459,2017
"Bryant",0.4586,2017
"Colgate",0.4585,2017
"Columbia",0.4585,2017
"Presbyterian",0.4585,2017
"Robert Morris",0.4582,2017
"North Texas",0.4577,2017
"Rice",0.4575,2017
"Lafayette",0.4575,2017
"North Dakota",0.4573,2017
"Southern Miss",0.4573,2017
"Fairleigh Dickinson",0.4572,2017
"Montana",0.4567,2017
"Campbell",0.456,2017
"Tennessee Martin",0.4555,2017
"Texas Southern",0.4553,2017
"UMass Lowell",0.455,2017
"Denver",0.4536,2017
"Cal Poly",0.4535,2017
"Binghamton",0.453,2017
"USC Upstate",0.4526,2017
"UC Davis",0.4524,2017
"Northern Colorado",0.4519,2017
"Sam Houston St.",0.4519,2017
"Eastern Washington",0.4514,2017
"Southern Utah",0.451,2017
"Longwood",0.4503,2017
"UC Riverside",0.45,2017
"Rider",0.4497,2017
"Brown",0.449,2017
"Idaho",0.4476,2017
"Hartford",0.4444,2017
"Montana St.",0.4442,2017
"Abilene Christian",0.4441,2017
"Mississippi Valley St.",0.4436,2017
"South Carolina St.",0.4434,2017
"Hawaii",0.4425,2017
"Kennesaw St.",0.4413,2017
"Cal St. Northridge",0.4404,2017
"Northern Arizona",0.4386,2017
"Stetson",0.4375,2017
"Sacramento St.",0.4358,2017
"Southeast Missouri St.",0.4352,2017
"Prairie View A&M",0.4352,2017
"Maryland Eastern Shore",0.4327,2017
"St. Francis NY",0.4327,2017
"Eastern Illinois",0.4325,2017
"Lamar",0.4321,2017
"Southeastern Louisiana",0.4313,2017
"Norfolk St.",0.4302,2017
"Northwestern St.",0.4295,2017
"Wagner",0.4292,2017
"Coppin St.",0.4285,2017
"Sacred Heart",0.4279,2017
"Hampton",0.4273,2017
"St. Francis PA",0.4272,2017
"Portland St.",0.4267,2017
"Alcorn St.",0.4242,2017
"Howard",0.4235,2017
"Savannah St.",0.4227,2017
"Arkansas Pine Bluff",0.4204,2017
"Alabama St.",0.4192,2017
"Cal St. Fullerton",0.4154,2017
"LIU Brooklyn",0.4149,2017
"Central Connecticut",0.4122,2017
"Delaware St.",0.4121,2017
"North Carolina A&T",0.4114,2017
"Southern",0.3989,2017
"Jacksonville",0.3986,2017
"Jackson St.",0.3984,2017
"Grambling St.",0.3945,2017
"Bethune Cookman",0.394,2017
"Alabama A&M",0.3909,2017
"Morgan St.",0.3878,2017
"North Carolina Central",0.3875,2017
"Florida A&M",0.379,2017
"Kansas",0.6151,2018
"North Carolina",0.6163,2018
"Kentucky",0.5978,2018
"Vanderbilt",0.5905,2018
"Texas A&M",0.5954,2018
"St. John's",0.584,2018
"Virginia",0.5888,2018
"Xavier",0.5813,2018
"TCU",0.5882,2018
"Temple",0.5833,2018
"Mississippi",0.5798,2018
"Alabama",0.6003,2018
"Oklahoma",0.5773,2018
"Seton Hall",0.5788,2018
"Wake Forest",0.5649,2018
"Tennessee",0.5863,2018
"Texas",0.5847,2018
"Missouri",0.5693,2018
"Providence",0.5868,2018
"Marquette",0.5723,2018
"Villanova",0.5963,2018
"Butler",0.5839,2018
"Duke",0.588,2018
"Clemson",0.5934,2018
"Pittsburgh",0.5699,2018
"Stanford",0.5658,2018
"South Carolina",0.5697,2018
"Baylor",0.5801,2018
"Syracuse",0.5898,2018
"Connecticut",0.5654,2018
"Iowa St.",0.5627,2018
"Arizona",0.5599,2018
"Ohio St.",0.5817,2018
"Wisconsin",0.5694,2018
"Florida",0.5795,2018
"Auburn",0.5647,2018
"Notre Dame",0.5562,2018
"Dayton",0.5447,2018
"USC",0.5644,2018
"LSU",0.5642,2018
"Washington",0.5593,2018
"Louisville",0.5861,2018
"Nevada",0.5607,2018
"West Virginia",0.5786,2018
"Creighton",0.5578,2018
"Maryland",0.5635,2018
"Purdue",0.5701,2018
"Arkansas",0.5669,2018
"Colorado",0.5665,2018
"Georgia",0.5587,2018
"Georgia Tech",0.5599,2018
"Wichita St.",0.5669,2018
"Rhode Island",0.5539,2018
"Texas Tech",0.5724,2018
"Arizona St.",0.5461,2018
"North Carolina St.",0.5477,2018
"Illinois St.",0.5567,2018
"Florida St.",0.5614,2018
"Richmond",0.5401,2018
"Iowa",0.5477,2018
"California",0.5482,2018
"Utah",0.5578,2018
"Miami FL",0.5621,2018
"Northern Iowa",0.5457,2018
"SMU",0.5469,2018
"Cincinnati",0.5625,2018
"UCLA",0.5613,2018
"UCF",0.5429,2018
"Oklahoma St.",0.5594,2018
"Washington St.",0.5472,2018
"Indiana",0.5416,2018
"Kansas St.",0.5589,2018
"Buffalo",0.5455,2018
"Wyoming",0.5239,2018
"Minnesota",0.526,2018
"Boston College",0.5475,2018
"Michigan St.",0.5412,2018
"Indiana St.",0.5356,2018
"Virginia Tech",0.5438,2018
"DePaul",0.5458,2018
"Illinois",0.5416,2018
"Northwestern",0.5328,2018
"Houston",0.5486,2018
"Saint Louis",0.5236,2018
"Michigan",0.5765,2018
"Rutgers",0.5336,2018
"La Salle",0.5165,2018
"Tulsa",0.5278,2018
"Western Kentucky",0.5491,2018
"Oregon",0.5419,2018
"George Washington",0.5126,2018
"Middle Tennessee",0.538,2018
"Penn St.",0.5509,2018
"Pacific",0.5136,2018
"Memphis",0.5164,2018
"Nebraska",0.5336,2018
"Utah St.",0.5169,2018
"Kent St.",0.5203,2018
"Tulane",0.5231,2018
"North Dakota",0.5129,2018
"Mississippi St.",0.5394,2018
"VCU",0.5225,2018
"Southern Illinois",0.5206,2018
"UC Irvine",0.5215,2018
"St. Bonaventure",0.5333,2018
"Evansville",0.5197,2018
"Boise St.",0.5144,2018
"New Mexico",0.5241,2018
"Miami (OH)",0.509,2018
"Monmouth",0.5172,2018
"San Jose St.",0.5142,2018
"San Diego St.",0.5274,2018
"Oral Roberts",0.4979,2018
"Oregon St.",0.5365,2018
"Hofstra",0.4963,2018
"Northeastern",0.5204,2018
"Missouri St.",0.5151,2018
"Georgetown",0.5229,2018
"San Francisco",0.5182,2018
"Valparaiso",0.5074,2018
"Colorado St.",0.5159,2018
"Davidson",0.5365,2018
"William & Mary",0.5197,2018
"Omaha",0.4985,2018
"Sacramento St.",0.5001,2018
"Saint Joseph's",0.5131,2018
"Saint Mary's",0.4999,2018
"UMass",0.4985,2018
"Fresno St.",0.5074,2018
"UMKC",0.5014,2018
"Drake",0.5039,2018
"Ohio",0.5079,2018
"Gonzaga",0.5256,2018
"Morehead St.",0.4998,2018
"Portland",0.4993,2018
"Toledo",0.5179,2018
"George Mason",0.4933,2018
"Drexel",0.4899,2018
"Southern Miss",0.5071,2018
"Siena",0.4886,2018
"Cal St. Bakersfield",0.51,2018
"Chicago St.",0.5008,2018
"Northern Colorado",0.4916,2018
"New Mexico St.",0.4939,2018
"Fordham",0.4939,2018
"Bradley",0.5091,2018
"UNCW",0.5135,2018
"Furman",0.4905,2018
"Detroit",0.4783,2018
"Elon",0.4997,2018
"Utah Valley",0.5013,2018
"Cal St. Fullerton",0.4839,2018
"Fairfield",0.4819,2018
"Savannah St.",0.4845,2018
"Loyola Chicago",0.5362,2018
"Coastal Carolina",0.4777,2018
"Western Michigan",0.4989,2018
"Air Force",0.493,2018
"Long Beach St.",0.499,2018
"Eastern Washington",0.4931,2018
"Louisiana Tech",0.499,2018
"Pepperdine",0.5061,2018
"Louisiana Monroe",0.4737,2018
"BYU",0.5167,2018
"Western Carolina",0.4985,2018
"Northern Arizona",0.4935,2018
"Vermont",0.4879,2018
"Tennessee St.",0.4901,2018
"Eastern Michigan",0.5001,2018
"South Dakota St.",0.4975,2018
"Little Rock",0.4858,2018
"FAU",0.4758,2018
"Loyola Marymount",0.4894,2018
"James Madison",0.4914,2018
"Delaware",0.4884,2018
"North Dakota St.",0.4845,2018
"Northern Illinois",0.5007,2018
"North Florida",0.4841,2018
"Louisiana",0.4797,2018
"Texas Southern",0.4614,2018
"Ball St.",0.4952,2018
"Santa Clara",0.4848,2018
"Rider",0.4961,2018
"The Citadel",0.4814,2018
"Harvard",0.4914,2018
"UC Davis",0.4858,2018
"Princeton",0.4706,2018
"Towson",0.4915,2018
"Akron",0.4957,2018
"Iona",0.4984,2018
"Portland St.",0.4713,2018
"Rice",0.4806,2018
"Stony Brook",0.4969,2018
"South Florida",0.4871,2018
"UTSA",0.474,2018
"UNC Asheville",0.486,2018
"Belmont",0.4879,2018
"East Carolina",0.4928,2018
"Samford",0.4785,2018
"UNCG",0.4855,2018
"Bucknell",0.4835,2018
"Austin Peay",0.4884,2018
"VMI",0.4612,2018
"Cal Poly",0.4776,2018
"Southern Utah",0.483,2018
"Denver",0.4671,2018
"East Tennessee St.",0.4838,2018
"Charleston",0.4888,2018
"North Texas",0.4881,2018
"Mercer",0.4823,2018
"Bowling Green",0.4875,2018
"Lipscomb",0.4738,2018
"Charlotte",0.4809,2018
"Murray St.",0.4923,2018
"Radford",0.4769,2018
"Oakland",0.463,2018
"SIUE",0.4663,2018
"San Diego",0.5005,2018
"Appalachian St.",0.4581,2018
"Wofford",0.488,2018
"Youngstown St.",0.4664,2018
"UNLV",0.4998,2018
"Gardner Webb",0.478,2018
"UTA",0.4917,2018
"UTRGV",0.4717,2018
"Troy",0.4916,2018
"UTEP",0.4796,2018
"Marshall",0.5066,2018
"Kennesaw St.",0.4646,2018
"Chattanooga",0.4769,2018
"Central Michigan",0.4945,2018
"Marist",0.4721,2018
"Old Dominion",0.482,2018
"Canisius",0.4649,2018
"Eastern Illinois",0.4722,2018
"Eastern Kentucky",0.4725,2018
"UC Riverside",0.4742,2018
"Nicholls St.",0.4657,2018
"Wright St.",0.4762,2018
"Fairleigh Dickinson",0.4603,2018
"Northern Kentucky",0.4723,2018
"Hawaii",0.474,2018
"Yale",0.4651,2018
"Houston Baptist",0.4494,2018
"UAB",0.4909,2018
"Columbia",0.4633,2018
"FIU",0.4559,2018
"Winthrop",0.4638,2018
"Southeast Missouri",0.4556,2018
"Saint Peter's",0.4514,2018
"Bryant",0.4564,2018
"St. Francis PA",0.4557,2018
"South Dakota",0.4696,2018
"Manhattan",0.4649,2018
"Arkansas St.",0.4605,2018
"Tennessee Tech",0.4775,2018
"Cornell",0.4623,2018
"New Hampshire",0.4615,2018
"FGCU",0.4578,2018
"High Point",0.4481,2018
"Robert Morris",0.464,2018
"Niagara",0.4694,2018
"Georgia Southern",0.4666,2018
"Lehigh",0.4527,2018
"NJIT",0.4482,2018
"IPFW",0.4616,2018
"Cleveland St.",0.4677,2018
"Seattle",0.4753,2018
"Lafayette",0.4532,2018
"USC Upstate",0.4534,2018
"Quinnipiac",0.4507,2018
"Incarnate Word",0.4428,2018
"Prairie View A&M",0.4353,2018
"UMass Lowell",0.4491,2018
"Longwood",0.4655,2018
"UC Santa Barbara",0.4479,2018
"Milwaukee",0.4576,2018
"St. Francis NY",0.4466,2018
"Penn",0.4644,2018
"Tennessee Martin",0.4492,2018
"Colgate",0.4538,2018
"Albany",0.4495,2018
"Northwestern St.",0.4535,2018
"UMBC",0.4796,2018
"Sam Houston St.",0.4665,2018
"Wagner",0.4571,2018
"Montana",0.4759,2018
"Holy Cross",0.4552,2018
"Boston University",0.4621,2018
"Weber St.",0.4701,2018
"Presbyterian",0.4524,2018
"Coppin St.",0.4415,2018
"Idaho",0.4569,2018
"Jacksonville",0.4453,2018
"Duquesne",0.4562,2018
"Montana St.",0.4536,2018
"Maine",0.4593,2018
"Maryland Eastern Shore",0.435,2018
"Dartmouth",0.442,2018
"American",0.4442,2018
"Norfolk St.",0.4341,2018
"South Alabama",0.4586,2018
"Western Illinois",0.4554,2018
"Texas St.",0.4609,2018
"Texas A&M Corpus Chris",0.4208,2018
"Hartford",0.4546,2018
"Liberty",0.4607,2018
"McNeese St.",0.4443,2018
"Green Bay",0.4493,2018
"Jacksonville St.",0.4718,2018
"Loyola MD",0.4562,2018
"Sacred Heart",0.4301,2018
"New Orleans",0.4499,2018
"Georgia St.",0.4699,2018
"Brown",0.4351,2018
"Abilene Christian",0.4415,2018
"Delaware St.",0.4194,2018
"Grand Canyon",0.4568,2018
"LIU Brooklyn",0.4435,2018
"Southeastern Louisiana",0.4573,2018
"Cal St. Northridge",0.4491,2018
"IUPUI",0.4614,2018
"Campbell",0.4405,2018
"UIC",0.4609,2018
"Navy",0.4359,2018
"South Carolina St.",0.4291,2018
"Hampton",0.4324,2018
"Florida A&M",0.427,2018
"Charleston Southern",0.4453,2018
"Lamar",0.4354,2018
"Idaho St.",0.4389,2018
"Army",0.426,2018
"Alabama St.",0.4233,2018
"Central Connecticut",0.4272,2018
"Stetson",0.4261,2018
"Mount St. Mary's",0.4278,2018
"Mississippi Valley St.",0.425,2018
"Binghamton",0.4347,2018
"Howard",0.4126,2018
"Central Arkansas",0.4471,2018
"North Carolina A&T",0.4035,2018
"Grambling St.",0.4027,2018
"Jackson St.",0.4037,2018
"Stephen F. Austin",0.4399,2018
"Arkansas Pine Bluff",0.4041,2018
"Alabama A&M",0.4113,2018
"Southern",0.3986,2018
"Alcorn St.",0.3988,2018
"Morgan St.",0.3919,2018
"North Carolina Central",0.3926,2018
"Bethune Cookman",0.3774,2018
"Kansas",0.6223,2019
"Duke",0.617,2019
"North Carolina",0.6032,2019
"Texas",0.5999,2019
"Kentucky",0.5991,2019
"Auburn",0.5972,2019
"Louisville",0.5972,2019
"Michigan St.",0.5959,2019
"Purdue",0.5944,2019
"Oklahoma St.",0.5943,2019
"West Virginia",0.5912,2019
"Florida St.",0.5895,2019
"Texas Tech",0.5885,2019
"Oklahoma",0.5874,2019
"Maryland",0.5871,2019
"Syracuse",0.5855,2019
"Virginia",0.5853,2019
"Penn St.",0.5846,2019
"Mississippi St.",0.5829,2019
"Florida",0.5815,2019
"Iowa St.",0.579,2019
"LSU",0.578,2019
"Baylor",0.5769,2019
"Villanova",0.5756,2019
"Tennessee",0.5748,2019
"Kansas St.",0.5743,2019
"Michigan",0.5742,2019
"Wisconsin",0.5738,2019
"Alabama",0.5733,2019
"Seton Hall",0.5728,2019
"Minnesota",0.5727,2019
"Creighton",0.5722,2019
"UCF",0.5691,2019
"Ohio St.",0.569,2019
"TCU",0.5689,2019
"Texas A&M",0.5687,2019
"Miami FL",0.5682,2019
"Houston",0.568,2019
"Virginia Tech",0.5665,2019
"South Carolina",0.565,2019
"Saint Mary's",0.5649,2019
"Washington",0.5641,2019
"Marquette",0.5641,2019
"Nebraska",0.5639,2019
"Oregon",0.5638,2019
"Gonzaga",0.5633,2019
"Xavier",0.5633,2019
"Clemson",0.5625,2019
"Butler",0.562,2019
"Cincinnati",0.5612,2019
"UCLA",0.56,2019
"Memphis",0.5586,2019
"Wichita St.",0.5574,2019
"Wake Forest",0.5553,2019
"Providence",0.5552,2019
"Georgia",0.5547,2019
"Illinois",0.5542,2019
"Indiana",0.5541,2019
"Iowa",0.5535,2019
"Arkansas",0.5533,2019
"Eastern Michigan",0.5526,2019
"Arizona St.",0.5524,2019
"Missouri",0.552,2019
"VCU",0.5501,2019
"Vanderbilt",0.5474,2019
"Connecticut",0.547,2019
"SMU",0.5464,2019
"Notre Dame",0.5449,2019
"BYU",0.5446,2019
"Mississippi",0.5446,2019
"St. John's",0.5445,2019
"Temple",0.5443,2019
"Georgia Tech",0.5437,2019
"Ohio",0.5437,2019
"Buffalo",0.5436,2019
"Rutgers",0.5415,2019
"Tulane",0.5412,2019
"Arizona",0.5394,2019
"Georgetown",0.5381,2019
"San Diego",0.5369,2019
"Harvard",0.5365,2019
"California",0.5349,2019
"Pittsburgh",0.5348,2019
"Northwestern",0.5338,2019
"Boston College",0.5333,2019
"Utah",0.5331,2019
"Tulsa",0.5331,2019
"Western Kentucky",0.5304,2019
"Northern Iowa",0.5303,2019
"Dayton",0.5292,2019
"Miami (OH)",0.5287,2019
"San Diego St.",0.5287,2019
"USC",0.5279,2019
"Oregon St.",0.5258,2019
"Utah St.",0.5256,2019
"Northeastern",0.5251,2019
"Rhode Island",0.5241,2019
"Wofford",0.5236,2019
"Saint Joseph's",0.5234,2019
"Stanford",0.5228,2019
"Akron",0.522,2019
"North Carolina St.",0.5213,2019
"St. Bonaventure",0.5211,2019
"Colorado",0.5206,2019
"Georgia Southern",0.5195,2019
"South Florida",0.519,2019
"UNCG",0.5184,2019
"Davidson",0.5175,2019
"Georgia St.",0.5173,2019
"Pacific",0.5169,2019
"Middle Tennessee",0.5163,2019
"George Washington",0.516,2019
"Bowling Green",0.5158,2019
"Nevada",0.5156,2019
"DePaul",0.5152,2019
"Saint Louis",0.5138,2019
"Marshall",0.5137,2019
"New Mexico",0.5132,2019
"Princeton",0.5127,2019
"Yale",0.5126,2019
"Southern Illinois",0.5117,2019
"UTSA",0.5113,2019
"Louisiana Tech",0.511,2019
"Toledo",0.5086,2019
"UTRGV",0.5083,2019
"Colorado St.",0.5082,2019
"Northern Illinois",0.5077,2019
"Pepperdine",0.5071,2019
"San Francisco",0.5061,2019
"Bucknell",0.5057,2019
"Southern Miss",0.5056,2019
"East Carolina",0.5052,2019
"Mercer",0.5044,2019
"Penn",0.5044,2019
"William & Mary",0.5041,2019
"Washington St.",0.5037,2019
"Appalachian St.",0.5032,2019
"Kent St.",0.5031,2019
"UNCW",0.503,2019
"Boise St.",0.5026,2019
"Loyola Chicago",0.5025,2019
"UTA",0.502,2019
"Lipscomb",0.5018,2019
"Indiana St.",0.5014,2019
"Chicago St.",0.5011,2019
"George Mason",0.5007,2019
"Western Michigan",0.5004,2019
"Western Carolina",0.4991,2019
"Morehead St.",0.4989,2019
"UAB",0.4988,2019
"Navy",0.4985,2019
"Santa Clara",0.4977,2019
"Evansville",0.4976,2019
"Green Bay",0.4968,2019
"Grand Canyon",0.4967,2019
"Belmont",0.4967,2019
"UMKC",0.4958,2019
"Old Dominion",0.4957,2019
"Loyola Marymount",0.4954,2019
"Cal St. Fullerton",0.4954,2019
"Illinois St.",0.4954,2019
"Radford",0.4954,2019
"The Citadel",0.4953,2019
"Drake",0.4953,2019
"North Florida",0.4952,2019
"Cornell",0.4951,2019
"Portland",0.4949,2019
"Ball St.",0.4942,2019
"Rice",0.4939,2019
"East Tennessee St.",0.4938,2019
"UMass",0.4936,2019
"Long Beach St.",0.4932,2019
"Murray St.",0.4931,2019
"Holy Cross",0.4929,2019
"FIU",0.4929,2019
"La Salle",0.4927,2019
"Central Michigan",0.4925,2019
"Utah Valley",0.4923,2019
"Brown",0.4922,2019
"Arkansas St.",0.4918,2019
"FGCU",0.4915,2019
"Missouri St.",0.4905,2019
"Kennesaw St.",0.4905,2019
"North Alabama",0.4905,2019
"Chattanooga",0.4902,2019
"Furman",0.4902,2019
"Dartmouth",0.4896,2019
"Eastern Kentucky",0.4896,2019
"Troy",0.4884,2019
"Drexel",0.4883,2019
"Hofstra",0.4881,2019
"Columbia",0.4878,2019
"Little Rock",0.4878,2019
"UNLV",0.4872,2019
"VMI",0.487,2019
"Eastern Washington",0.487,2019
"North Dakota St.",0.4867,2019
"Wright St.",0.4862,2019
"Richmond",0.4861,2019
"Bradley",0.4856,2019
"Fresno St.",0.4851,2019
"Air Force",0.4851,2019
"New Mexico St.",0.4849,2019
"FAU",0.4846,2019
"Detroit",0.4842,2019
"Louisiana",0.4841,2019
"Colgate",0.4841,2019
"Lehigh",0.4833,2019
"Montana",0.4826,2019
"Coastal Carolina",0.4823,2019
"San Jose St.",0.4823,2019
"Louisiana Monroe",0.4819,2019
"Charlotte",0.4816,2019
"Charleston",0.4814,2019
"Monmouth",0.4808,2019
"Army",0.4806,2019
"Elon",0.48,2019
"Lafayette",0.4793,2019
"Canisius",0.479,2019
"Duquesne",0.4789,2019
"Cal Baptist",0.4787,2019
"Samford",0.4785,2019
"Tennessee Tech",0.4785,2019
"Cal St. Bakersfield",0.478,2019
"Vermont",0.4774,2019
"Delaware",0.4773,2019
"UTEP",0.4772,2019
"Cleveland St.",0.477,2019
"Valparaiso",0.4758,2019
"Austin Peay",0.4755,2019
"Hartford",0.4752,2019
"Mount St. Mary's",0.475,2019
"Campbell",0.4736,2019
"St. Francis PA",0.4727,2019
"Wyoming",0.4724,2019
"Towson",0.472,2019
"Winthrop",0.4716,2019
"Idaho St.",0.471,2019
"Tennessee St.",0.4709,2019
"Denver",0.4708,2019
"Oakland",0.4705,2019
"Southeast Missouri",0.4703,2019
"Weber St.",0.4701,2019
"North Texas",0.4693,2019
"UC Irvine",0.4692,2019
"Seattle",0.469,2019
"UC Davis",0.4689,2019
"Northern Kentucky",0.4681,2019
"Liberty",0.468,2019
"Iona",0.4673,2019
"Incarnate Word",0.4673,2019
"Hampton",0.4666,2019
"Maine",0.4663,2019
"UIC",0.4662,2019
"James Madison",0.466,2019
"NJIT",0.4655,2019
"Loyola MD",0.4655,2019
"Oral Roberts",0.465,2019
"Rider",0.465,2019
"UNC Asheville",0.4647,2019
"Omaha",0.464,2019
"Cal St. Northridge",0.4636,2019
"Texas St.",0.4635,2019
"Binghamton",0.4634,2019
"Siena",0.4624,2019
"Boston University",0.4624,2019
"Tennessee Martin",0.4623,2019
"South Dakota",0.4619,2019
"Stony Brook",0.4615,2019
"Gardner Webb",0.4611,2019
"Milwaukee",0.4605,2019
"Fairleigh Dickinson",0.46,2019
"Idaho",0.4598,2019
"UC Riverside",0.4595,2019
"Portland St.",0.4593,2019
"North Dakota",0.4586,2019
"Sam Houston St.",0.4585,2019
"South Alabama",0.4583,2019
"Central Connecticut",0.4582,2019
"Texas A&M Corpus Chris",0.4579,2019
"High Point",0.4566,2019
"Fordham",0.4565,2019
"Southern Utah",0.4557,2019
"Stetson",0.4552,2019
"IUPUI",0.4549,2019
"SIUE",0.4537,2019
"Northern Arizona",0.4536,2019
"Wagner",0.4534,2019
"Charleston Southern",0.4527,2019
"Montana St.",0.4524,2019
"UMBC",0.452,2019
"Youngstown St.",0.4513,2019
"McNeese St.",0.4509,2019
"Sacramento St.",0.4506,2019
"Fort Wayne",0.4502,2019
"Northern Colorado",0.45,2019
"Hawaii",0.4499,2019
"Saint Peter's",0.449,2019
"Albany",0.449,2019
"Presbyterian",0.4483,2019
"Southeastern Louisiana",0.4478,2019
"Robert Morris",0.4464,2019
"UMass Lowell",0.4463,2019
"Eastern Illinois",0.446,2019
"Cal Poly",0.4459,2019
"Bryant",0.4453,2019
"Coppin St.",0.4449,2019
"South Dakota St.",0.4448,2019
"New Orleans",0.4444,2019
"American",0.4442,2019
"Stephen F. Austin",0.4441,2019
"Jacksonville St.",0.4437,2019
"Sacred Heart",0.4429,2019
"Houston Baptist",0.4415,2019
"New Hampshire",0.4409,2019
"Central Arkansas",0.4408,2019
"UC Santa Barbara",0.4407,2019
"Lamar",0.4388,2019
"Manhattan",0.4385,2019
"Prairie View A&M",0.4384,2019
"Jacksonville",0.4379,2019
"Fairfield",0.4379,2019
"Alabama St.",0.4372,2019
"Norfolk St.",0.4371,2019
"Marist",0.4366,2019
"St. Francis NY",0.4353,2019
"LIU Brooklyn",0.4349,2019
"Abilene Christian",0.4346,2019
"Northwestern St.",0.4336,2019
"Texas Southern",0.4331,2019
"Quinnipiac",0.4319,2019
"USC Upstate",0.4317,2019
"Florida A&M",0.4314,2019
"Southern",0.4301,2019
"Mississippi Valley St.",0.4296,2019
"Western Illinois",0.4283,2019
"Niagara",0.4282,2019
"South Carolina St.",0.425,2019
"Arkansas Pine Bluff",0.4225,2019
"Maryland Eastern Shore",0.4224,2019
"Alcorn St.",0.4218,2019
"Longwood",0.4218,2019
"Nicholls St.",0.4208,2019
"Grambling St.",0.4168,2019
"Jackson St.",0.4155,2019
"North Carolina A&T",0.4151,2019
"Alabama A&M",0.415,2019
"Delaware St.",0.4089,2019
"Savannah St.",0.4058,2019
"Howard",0.4038,2019
"Bethune Cookman",0.4036,2019
"North Carolina Central",0.4029,2019
"Morgan St.",0.398,2019
"Kansas",0.6129,2020
"West Virginia",0.5989,2020
"Villanova",0.5912,2020
"Seton Hall",0.5872,2020
"Marquette",0.5837,2020
"Georgetown",0.5818,2020
"Xavier",0.5812,2020
"Providence",0.5806,2020
"Tennessee",0.5806,2020
"California",0.5789,2020
"Oregon",0.5789,2020
"LSU",0.5783,2020
"Arizona St.",0.5782,2020
"Florida",0.5779,2020
"Arizona",0.5778,2020
"Colorado",0.5777,2020
"North Carolina",0.5775,2020
"Creighton",0.5768,2020
"Louisville",0.5751,2020
"Washington",0.5751,2020
"Oklahoma",0.5747,2020
"Georgia",0.5743,2020
"Auburn",0.5718,2020
"Kansas St.",0.5715,2020
"Cincinnati",0.5701,2020
"Iowa St.",0.5698,2020
"Duke",0.5694,2020
"Georgia Tech",0.5684,2020
"BYU",0.5677,2020
"Alabama",0.5675,2020
"Wisconsin",0.5673,2020
"Michigan St.",0.567,2020
"Arkansas",0.567,2020
"Texas",0.5669,2020
"Dayton",0.5664,2020
"Oklahoma St.",0.5662,2020
"Purdue",0.5652,2020
"Saint Joseph's",0.5649,2020
"Florida St.",0.5644,2020
"Maryland",0.5642,2020
"Miami FL",0.5641,2020
"St. John's",0.5638,2020
"TCU",0.5634,2020
"Saint Mary's",0.5631,2020
"Utah",0.5629,2020
"Rutgers",0.5627,2020
"Baylor",0.5622,2020
"Butler",0.562,2020
"Michigan",0.5612,2020
"Texas Tech",0.5604,2020
"UCLA",0.5602,2020
"Ohio St.",0.56,2020
"UMass",0.5598,2020
"Rhode Island",0.5576,2020
"Minnesota",0.5574,2020
"Boston College",0.5567,2020
"Temple",0.556,2020
"DePaul",0.5559,2020
"Clemson",0.5539,2020
"Nebraska",0.5539,2020
"Mississippi St.",0.5531,2020
"Virginia",0.553,2020
"Indiana",0.5528,2020
"Houston",0.5527,2020
"North Carolina St.",0.5526,2020
"Vanderbilt",0.5523,2020
"South Carolina",0.5522,2020
"USC",0.5517,2020
"Memphis",0.5516,2020
"VCU",0.5515,2020
"Kentucky",0.5515,2020
"Wichita St.",0.5513,2020
"Wake Forest",0.5505,2020
"Northwestern",0.5504,2020
"Illinois",0.55,2020
"Texas A&M",0.5498,2020
"Syracuse",0.5496,2020
"Connecticut",0.5474,2020
"San Francisco",0.5471,2020
"South Florida",0.5461,2020
"Pittsburgh",0.545,2020
"Iowa",0.5446,2020
"Missouri",0.5443,2020
"UNLV",0.5441,2020
"Mississippi",0.5437,2020
"Saint Louis",0.5425,2020
"Stanford",0.542,2020
"Richmond",0.5406,2020
"Loyola Marymount",0.5404,2020
"UCF",0.5393,2020
"Oregon St.",0.5376,2020
"Virginia Tech",0.5368,2020
"Illinois St.",0.535,2020
"Pepperdine",0.5338,2020
"Boise St.",0.5338,2020
"Indiana St.",0.5334,2020
"San Diego",0.5333,2020
"San Diego St.",0.5332,2020
"Akron",0.5317,2020
"UTA",0.5312,2020
"Davidson",0.5305,2020
"Gonzaga",0.5297,2020
"Notre Dame",0.5288,2020
"San Jose St.",0.5287,2020
"La Salle",0.5276,2020
"Miami (OH)",0.5276,2020
"Penn St.",0.5268,2020
"Tulane",0.5263,2020
"Utah St.",0.5259,2020
"Duquesne",0.5258,2020
"North Texas",0.5248,2020
"Bowling Green",0.5247,2020
"Nevada",0.5244,2020
"Washington St.",0.5242,2020
"St. Bonaventure",0.5234,2020
"Western Kentucky",0.522,2020
"George Washington",0.5213,2020
"Kent St.",0.5207,2020
"Northern Iowa",0.5204,2020
"Eastern Michigan",0.5193,2020
"Buffalo",0.5184,2020
"Colorado St.",0.5175,2020
"Wyoming",0.5163,2020
"SMU",0.515,2020
"Valparaiso",0.5148,2020
"Missouri St.",0.5141,2020
"New Mexico",0.5139,2020
"Southern Illinois",0.5134,2020
"George Mason",0.5132,2020
"Tulsa",0.5129,2020
"UNCG",0.5113,2020
"Fresno St.",0.5102,2020
"Ohio",0.5094,2020
"Drake",0.5083,2020
"Portland",0.5076,2020
"East Tennessee St.",0.5069,2020
"Charleston",0.5067,2020
"Western Carolina",0.5066,2020
"East Carolina",0.5059,2020
"Louisiana Monroe",0.5057,2020
"Bradley",0.5044,2020
"Texas St.",0.5037,2020
"Air Force",0.5036,2020
"Towson",0.5034,2020
"Princeton",0.5025,2020
"Furman",0.5016,2020
"Appalachian St.",0.5016,2020
"Marshall",0.501,2020
"Loyola Chicago",0.501,2020
"Lehigh",0.5009,2020
"Georgia St.",0.5008,2020
"Omaha",0.5008,2020
"Coastal Carolina",0.5005,2020
"Evansville",0.4997,2020
"Toledo",0.4994,2020
"Western Michigan",0.4992,2020
"Cal Poly",0.4982,2020
"Wofford",0.4981,2020
"UTSA",0.4981,2020
"Fordham",0.4977,2020
"Middle Tennessee",0.4973,2020
"Weber St.",0.4969,2020
"Central Michigan",0.4965,2020
"Drexel",0.4963,2020
"Georgia Southern",0.4958,2020
"Pacific",0.4958,2020
"Southern Miss",0.4956,2020
"Chattanooga",0.4947,2020
"Brown",0.4939,2020
"Old Dominion",0.4939,2020
"Stony Brook",0.4937,2020
"Cal St. Northridge",0.4925,2020
"Montana",0.4924,2020
"Eastern Washington",0.4921,2020
"UNCW",0.4919,2020
"Little Rock",0.4914,2020
"Bucknell",0.4914,2020
"Long Beach St.",0.4913,2020
"UTEP",0.4908,2020
"Central Arkansas",0.4894,2020
"Montana St.",0.4891,2020
"Cornell",0.4883,2020
"The Citadel",0.4883,2020
"Samford",0.4876,2020
"South Alabama",0.4876,2020
"Yale",0.4874,2020
"Oral Roberts",0.4872,2020
"Holy Cross",0.4864,2020
"Elon",0.4858,2020
"Harvard",0.4852,2020
"Idaho St.",0.4849,2020
"Penn",0.4845,2020
"Louisiana Tech",0.484,2020
"UMBC",0.4839,2020
"Vermont",0.4835,2020
"Kennesaw St.",0.4835,2020
"Louisiana",0.4834,2020
"Ball St.",0.483,2020
"Boston University",0.4829,2020
"Niagara",0.4823,2020
"North Dakota",0.4819,2020
"Northeastern",0.4816,2020
"Green Bay",0.4814,2020
"Rice",0.4812,2020
"Northern Colorado",0.4804,2020
"Cleveland St.",0.4797,2020
"Columbia",0.4797,2020
"Santa Clara",0.4795,2020
"Troy",0.4791,2020
"Detroit",0.479,2020
"Oakland",0.4787,2020
"James Madison",0.4786,2020
"Arkansas St.",0.4786,2020
"Delaware",0.4784,2020
"VMI",0.4783,2020
"Dartmouth",0.4783,2020
"William & Mary",0.4783,2020
"Radford",0.4782,2020
"Lipscomb",0.4778,2020
"Hampton",0.4777,2020
"FIU",0.4776,2020
"Eastern Kentucky",0.4771,2020
"Maine",0.4771,2020
"Mercer",0.4765,2020
"UTRGV",0.4761,2020
"High Point",0.4757,2020
"Hofstra",0.4757,2020
"North Florida",0.4755,2020
"Northern Illinois",0.4752,2020
"Southern Utah",0.4749,2020
"Siena",0.4747,2020
"Portland St.",0.4746,2020
"Charlotte",0.4743,2020
"UC Irvine",0.4742,2020
"UIC",0.4725,2020
"Cal St. Bakersfield",0.4721,2020
"Idaho",0.472,2020
"Texas Southern",0.4718,2020
"Denver",0.4712,2020
"Monmouth",0.4711,2020
"Navy",0.4708,2020
"Fairfield",0.4705,2020
"Milwaukee",0.4703,2020
"FGCU",0.4703,2020
"Colgate",0.4703,2020
"Austin Peay",0.4696,2020
"Northern Arizona",0.4693,2020
"Tennessee Tech",0.4692,2020
"Canisius",0.469,2020
"Iona",0.4689,2020
"American",0.4687,2020
"St. Francis PA",0.4683,2020
"UMass Lowell",0.4668,2020
"Binghamton",0.4667,2020
"USC Upstate",0.4664,2020
"Gardner Webb",0.4663,2020
"Cal St. Fullerton",0.4662,2020
"Hawaii",0.466,2020
"LIU Brooklyn",0.4659,2020
"Sacramento St.",0.4654,2020
"Houston Baptist",0.4648,2020
"South Dakota",0.4645,2020
"UAB",0.4637,2020
"Rider",0.4636,2020
"Grand Canyon",0.4636,2020
"Tennessee Martin",0.4636,2020
"Lafayette",0.4633,2020
"Saint Peter's",0.4633,2020
"IUPUI",0.4631,2020
"Central Connecticut",0.463,2020
"Fairleigh Dickinson",0.4628,2020
"FAU",0.4628,2020
"Northern Kentucky",0.4623,2020
"New Orleans",0.4617,2020
"Winthrop",0.4611,2020
"Western Illinois",0.4611,2020
"Chicago St.",0.461,2020
"NJIT",0.4607,2020
"Albany",0.4606,2020
"Army",0.4602,2020
"Youngstown St.",0.4598,2020
"Manhattan",0.4595,2020
"Quinnipiac",0.4595,2020
"Hartford",0.4588,2020
"UMKC",0.4588,2020
"Utah Valley",0.4584,2020
"Wagner",0.4583,2020
"Tennessee St.",0.4568,2020
"Jacksonville",0.4566,2020
"Belmont",0.4556,2020
"New Mexico St.",0.455,2020
"Fort Wayne",0.4542,2020
"Merrimack",0.4538,2020
"Stetson",0.4535,2020
"Sacred Heart",0.4526,2020
"Mount St. Mary's",0.4525,2020
"Robert Morris",0.4519,2020
"Seattle",0.4519,2020
"North Dakota St.",0.4514,2020
"Lamar",0.4507,2020
"St. Francis NY",0.4498,2020
"UC Davis",0.4496,2020
"Charleston Southern",0.4493,2020
"Wright St.",0.4492,2020
"UC Santa Barbara",0.4488,2020
"Sam Houston St.",0.4471,2020
"Murray St.",0.4459,2020
"Alabama St.",0.4455,2020
"Bryant",0.4453,2020
"Nicholls",0.4448,2020
"North Alabama",0.4445,2020
"Presbyterian",0.4444,2020
"Stephen F. Austin",0.4438,2020
"New Hampshire",0.4433,2020
"Abilene Christian",0.4418,2020
"Cal Baptist",0.4413,2020
"Marist",0.4405,2020
"Arkansas Pine Bluff",0.4403,2020
"Southeastern Louisiana",0.44,2020
"South Dakota St.",0.44,2020
"Liberty",0.4396,2020
"North Carolina A&T",0.4392,2020
"SIUE",0.4387,2020
"Florida A&M",0.438,2020
"North Carolina Central",0.436,2020
"Texas A&M Corpus Chris",0.4352,2020
"Loyola MD",0.4346,2020
"Howard",0.4318,2020
"McNeese",0.4314,2020
"Southern",0.4306,2020
"Maryland Eastern Shore",0.4303,2020
"Southeast Missouri",0.4301,2020
"Morehead St.",0.4287,2020
"UNC Asheville",0.4286,2020
"Incarnate Word",0.4275,2020
"Jackson St.",0.4272,2020
"UC Riverside",0.4264,2020
"Northwestern St.",0.4262,2020
"Prairie View A&M",0.4262,2020
"Campbell",0.4257,2020
"Mississippi Valley St.",0.4253,2020
"Jacksonville St.",0.425,2020
"South Carolina St.",0.4249,2020
"Longwood",0.4249,2020
"Bethune Cookman",0.422,2020
"Norfolk St.",0.4212,2020
"Delaware St.",0.4198,2020
"Eastern Illinois",0.4191,2020
"Alabama A&M",0.4152,2020
"Alcorn St.",0.4109,2020
"Coppin St.",0.4092,2020
"Morgan St.",0.4081,2020
"Grambling St.",0.4079,2020
"Saint Mary's",0.6019,2021
"West Virginia",0.5959,2021
"Oklahoma St.",0.5945,2021
"BYU",0.5879,2021
"LSU",0.5866,2021
"USC",0.5825,2021
"Missouri",0.5812,2021
"Georgetown",0.5804,2021
"Alabama",0.5801,2021
"Iowa St.",0.577,2021
"Texas",0.5764,2021
"UCLA",0.5764,2021
"Gonzaga",0.5756,2021
"Kentucky",0.575,2021
"Kansas",0.5728,2021
"Maryland",0.5721,2021
"Ohio St.",0.5713,2021
"Arkansas",0.5706,2021
"Texas Tech",0.5687,2021
"Oregon St.",0.5685,2021
"Michigan",0.5676,2021
"Auburn",0.5674,2021
"Rutgers",0.5666,2021
"Pepperdine",0.5661,2021
"Baylor",0.5646,2021
"Villanova",0.5628,2021
"Wichita St.",0.5622,2021
"Clemson",0.5611,2021
"Kansas St.",0.5609,2021
"UCF",0.5604,2021
"Illinois",0.5597,2021
"Oklahoma",0.5595,2021
"Syracuse",0.5591,2021
"South Carolina",0.5587,2021
"Pacific",0.5579,2021
"Penn St.",0.5564,2021
"Washington",0.5563,2021
"Houston",0.5557,2021
"San Diego St.",0.5553,2021
"VCU",0.5549,2021
"American",0.5541,2021
"Howard",0.5535,2021
"Florida St.",0.5531,2021
"North Carolina",0.5525,2021
"Arizona St.",0.5512,2021
"Purdue",0.5507,2021
"Seton Hall",0.5502,2021
"Indiana",0.5493,2021
"Wisconsin",0.549,2021
"East Tennessee St.",0.5488,2021
"Colorado",0.5483,2021
"St. Bonaventure",0.5481,2021
"Cincinnati",0.5467,2021
"Florida",0.5449,2021
"Arizona",0.5449,2021
"Nebraska",0.5449,2021
"Minnesota",0.5429,2021
"Virginia",0.5427,2021
"Stanford",0.5425,2021
"Creighton",0.542,2021
"Georgia Tech",0.5418,2021
"North Texas",0.5418,2021
"Iowa",0.5414,2021
"Oregon",0.5412,2021
"Memphis",0.541,2021
"Mississippi St.",0.5408,2021
"UC San Diego",0.5407,2021
"Louisville",0.5405,2021
"Michigan St.",0.5396,2021
"San Diego",0.5394,2021
"California",0.5393,2021
"Tennessee",0.5386,2021
"TCU",0.5383,2021
"Butler",0.5371,2021
"Loyola Marymount",0.5369,2021
"South Florida",0.5358,2021
"Louisiana Tech",0.5347,2021
"Georgia",0.5346,2021
"Utah",0.5345,2021
"Northwestern",0.5339,2021
"Boise St.",0.5334,2021
"Marquette",0.5318,2021
"Connecticut",0.5316,2021
"Richmond",0.5315,2021
"Duke",0.5308,2021
"Saint Joseph's",0.5306,2021
"Providence",0.5296,2021
"Xavier",0.5293,2021
"Utah St.",0.5284,2021
"Western Kentucky",0.5282,2021
"Colorado St.",0.5282,2021
"Washington St.",0.5279,2021
"Notre Dame",0.5276,2021
"Army",0.5263,2021
"Miami FL",0.5256,2021
"Mississippi",0.5245,2021
"Wofford",0.524,2021
"SMU",0.5238,2021
"Ohio",0.5236,2021
"Dayton",0.5233,2021
"Loyola Chicago",0.5233,2021
"Tulsa",0.523,2021
"Loyola MD",0.5218,2021
"UNCG",0.5199,2021
"Northern Iowa",0.5189,2021
"Colgate",0.5175,2021
"Northeastern",0.5171,2021
"Georgia St.",0.517,2021
"Vanderbilt",0.517,2021
"Virginia Tech",0.5167,2021
"Temple",0.5166,2021
"Nevada",0.5165,2021
"Old Dominion",0.5159,2021
"Portland",0.5155,2021
"The Citadel",0.5141,2021
"Bradley",0.5141,2021
"St. John's",0.5139,2021
"James Madison",0.5134,2021
"Indiana St.",0.5133,2021
"Mercer",0.5132,2021
"Boston College",0.513,2021
"San Francisco",0.513,2021
"North Carolina St.",0.513,2021
"Wake Forest",0.5128,2021
"Marshall",0.5124,2021
"Santa Clara",0.5116,2021
"Central Arkansas",0.5112,2021
"Cleveland St.",0.5109,2021
"Tulane",0.5102,2021
"East Carolina",0.51,2021
"DePaul",0.5098,2021
"Canisius",0.5096,2021
"Oakland",0.5094,2021
"Samford",0.5093,2021
"Pittsburgh",0.5091,2021
"UTEP",0.509,2021
"Davidson",0.5089,2021
"Evansville",0.5088,2021
"Furman",0.5086,2021
"South Alabama",0.5085,2021
"Rice",0.5079,2021
"Morehead St.",0.5062,2021
"Little Rock",0.5053,2021
"Monmouth",0.5038,2021
"Texas A&M",0.5037,2021
"Rhode Island",0.5037,2021
"Mount St. Mary's",0.5032,2021
"Navy",0.503,2021
"VMI",0.5023,2021
"Buffalo",0.502,2021
"UC Santa Barbara",0.5019,2021
"Appalachian St.",0.4999,2021
"Saint Louis",0.4993,2021
"UC Irvine",0.4985,2021
"UNLV",0.4982,2021
"Tennessee Tech",0.4982,2021
"UTSA",0.4979,2021
"Drake",0.4974,2021
"Rider",0.4969,2021
"Ball St.",0.4966,2021
"Missouri St.",0.4964,2021
"Fresno St.",0.4953,2021
"Western Carolina",0.4949,2021
"Kent St.",0.4949,2021
"Louisiana",0.4945,2021
"Niagara",0.493,2021
"Chicago St.",0.4928,2021
"Fairfield",0.4926,2021
"Troy",0.4925,2021
"St. Francis PA",0.4922,2021
"Siena",0.4918,2021
"Hofstra",0.4916,2021
"Northern Arizona",0.4914,2021
"Bucknell",0.4913,2021
"Binghamton",0.4905,2021
"Milwaukee",0.4905,2021
"Jacksonville St.",0.4905,2021
"Valparaiso",0.4901,2021
"George Mason",0.4899,2021
"Coastal Carolina",0.4898,2021
"Boston University",0.4898,2021
"Holy Cross",0.4896,2021
"Utah Valley",0.489,2021
"Southern Illinois",0.4886,2021
"Akron",0.4886,2021
"Toledo",0.4884,2021
"Air Force",0.4879,2021
"Stony Brook",0.4878,2021
"Coppin St.",0.4876,2021
"Oral Roberts",0.4874,2021
"San Jose St.",0.4871,2021
"Chattanooga",0.4871,2021
"Duquesne",0.4868,2021
"George Washington",0.486,2021
"Middle Tennessee",0.486,2021
"Iona",0.4856,2021
"Kennesaw St.",0.4856,2021
"La Salle",0.485,2021
"USC Upstate",0.485,2021
"Montana",0.4844,2021
"Central Connecticut",0.4839,2021
"Eastern Washington",0.4838,2021
"Bowling Green",0.4833,2021
"UAB",0.4831,2021
"Illinois St.",0.4831,2021
"Norfolk St.",0.4829,2021
"Texas Southern",0.4827,2021
"Albany",0.4825,2021
"Charleston",0.4815,2021
"Wright St.",0.4815,2021
"Green Bay",0.4806,2021
"Georgia Southern",0.4806,2021
"Western Michigan",0.4797,2021
"Towson",0.4795,2021
"Bryant",0.4793,2021
"Elon",0.4788,2021
"Fairleigh Dickinson",0.4787,2021
"UTA",0.4787,2021
"Tennessee St.",0.4786,2021
"Hawaii",0.4779,2021
"Sacramento St.",0.4777,2021
"Tennessee Martin",0.4777,2021
"Quinnipiac",0.4776,2021
"Arkansas St.",0.4776,2021
"Charlotte",0.4773,2021
"Eastern Michigan",0.4768,2021
"Charleston Southern",0.4766,2021
"Wyoming",0.4762,2021
"Wagner",0.476,2021
"Sam Houston St.",0.4754,2021
"Mississippi Valley St.",0.475,2021
"Louisiana Monroe",0.4746,2021
"Grand Canyon",0.4738,2021
"Drexel",0.4738,2021
"Tarleton St.",0.4731,2021
"UMass Lowell",0.4725,2021
"Robert Morris",0.4722,2021
"William & Mary",0.4713,2021
"St. Francis NY",0.4712,2021
"Cal Poly",0.4712,2021
"Northern Kentucky",0.4708,2021
"Manhattan",0.4701,2021
"LIU Brooklyn",0.4698,2021
"IUPUI",0.4698,2021
"Alcorn St.",0.4694,2021
"Hartford",0.4692,2021
"Saint Peter's",0.469,2021
"Delaware St.",0.469,2021
"UMass",0.4689,2021
"Stetson",0.4686,2021
"Sacred Heart",0.4685,2021
"Merrimack",0.4682,2021
"Delaware",0.4681,2021
"Southern Miss",0.468,2021
"South Dakota St.",0.4677,2021
"Miami (OH)",0.4673,2021
"Winthrop",0.4672,2021
"Lipscomb",0.4672,2021
"Cal St. Bakersfield",0.4669,2021
"UC Riverside",0.4656,2021
"Radford",0.4655,2021
"UC Davis",0.4653,2021
"Gardner Webb",0.4644,2021
"Maine",0.4644,2021
"Fordham",0.4642,2021
"SIUE",0.4633,2021
"Marist",0.4632,2021
"Bellarmine",0.4628,2021
"Belmont",0.4619,2021
"UMBC",0.4615,2021
"Longwood",0.46,2021
"Cal St. Fullerton",0.4596,2021
"Eastern Kentucky",0.459,2021
"Northwestern St.",0.4581,2021
"Cal St. Northridge",0.4581,2021
"Fort Wayne",0.458,2021
"FIU",0.4572,2021
"Detroit",0.4567,2021
"New Mexico",0.4556,2021
"Northern Illinois",0.4547,2021
"Murray St.",0.4546,2021
"Southeast Missouri",0.4545,2021
"Long Beach St.",0.4542,2021
"New Hampshire",0.454,2021
"Arkansas Pine Bluff",0.454,2021
"Abilene Christian",0.4532,2021
"Austin Peay",0.4523,2021
"Youngstown St.",0.4521,2021
"Idaho",0.4516,2021
"Texas A&M Corpus Chris",0.4511,2021
"North Dakota St.",0.4507,2021
"Campbell",0.4505,2021
"Weber St.",0.4499,2021
"Lamar",0.4496,2021
"Omaha",0.4495,2021
"UNC Asheville",0.4491,2021
"Portland St.",0.4475,2021
"UMKC",0.4464,2021
"Southern Utah",0.4463,2021
"North Florida",0.4462,2021
"High Point",0.4461,2021
"Houston Baptist",0.4456,2021
"Morgan St.",0.4453,2021
"North Dakota",0.4439,2021
"Vermont",0.4438,2021
"North Alabama",0.4436,2021
"New Mexico St.",0.4432,2021
"South Dakota",0.4429,2021
"Grambling St.",0.4425,2021
"FAU",0.4414,2021
"Northern Colorado",0.4396,2021
"Dixie St.",0.4395,2021
"Eastern Illinois",0.4386,2021
"Texas St.",0.438,2021
"Liberty",0.437,2021
"Montana St.",0.4365,2021
"Central Michigan",0.4359,2021
"Seattle",0.4357,2021
"Cal Baptist",0.4349,2021
"Southern",0.4344,2021
"FGCU",0.4329,2021
"NJIT",0.4317,2021
"Presbyterian",0.4301,2021
"UIC",0.43,2021
"Stephen F. Austin",0.4296,2021
"Alabama A&M",0.4296,2021
"UNCW",0.4286,2021
"Nicholls",0.426,2021
"Lehigh",0.4243,2021
"UTRGV",0.4243,2021
"Southeastern Louisiana",0.423,2021
"Idaho St.",0.4222,2021
"New Orleans",0.4192,2021
"Prairie View A&M",0.4189,2021
"Jacksonville",0.4183,2021
"North Carolina A&T",0.4171,2021
"Western Illinois",0.4141,2021
"Alabama St.",0.4128,2021
"South Carolina St.",0.4112,2021
"North Carolina Central",0.4092,2021
"Denver",0.4087,2021
"Incarnate Word",0.4069,2021
"Hampton",0.402,2021
"Lafayette",0.399,2021
"Jackson St.",0.3925,2021
"Florida A&M",0.3878,2021
"McNeese",0.3793,2021
"Bethune Cookman",0,2021
"Brown",0,2021
"Columbia",0,2021
"Cornell",0,2021
"Dartmouth",0,2021
"Harvard",0,2021
"Maryland Eastern Shore",0,2021
"Penn",0,2021
"Princeton",0,2021
"Yale",0,2021
